seg_id,time_to_failure
seg_00030f,3.4357236001559643
seg_0012b5,5.998554454771468
seg_00184e,6.234793626743787
seg_003339,10.061541460213482
seg_0042cc,7.534618142727634
seg_004314,1.8716402445253613
seg_004cd2,8.818569751936884
seg_004ee5,5.085019849194456
seg_004f1f,5.67724149398817
seg_00648a,3.12870138063446
seg_006e4a,3.8925562264702225
seg_007a37,5.913708216023078
seg_00a37e,3.917850532182171
seg_00be11,3.438068815522052
seg_00c35b,10.036497773121585
seg_00cc91,5.884660310367979
seg_00e5f7,5.8265341149670995
seg_00f3b9,4.311588188970489
seg_010eab,6.823519058503674
seg_0125d9,4.452862861979144
seg_0144cb,5.219282331746301
seg_0165c6,12.180284603953869
seg_016913,4.913650946701557
seg_016cdb,5.708070806666005
seg_017314,7.427611735115592
seg_01a8dc,5.865207560109476
seg_01c775,10.148256995410454
seg_01ecb0,3.8050393309908195
seg_02042f,2.3915716433012926
seg_025e78,6.011059874591493
seg_032822,5.031877010843857
seg_0339ca,6.091981727246624
seg_037461,5.197661552795558
seg_038879,9.384070828665333
seg_03d386,3.064989421051404
seg_03d63e,5.2853847921857335
seg_03d680,10.99620512862593
seg_03f380,4.144424525336223
seg_0445d7,6.19281622496475
seg_046c28,3.2079024564397267
seg_0488a1,9.386769755108062
seg_049957,10.8108660860644
seg_04a696,9.909173739938936
seg_04ae38,5.125050480289184
seg_04b87a,10.185731715482625
seg_04cceb,8.170845970540329
seg_04ee93,9.257593072500615
seg_04fd93,6.84892355457411
seg_0536c9,3.7999332616065633
seg_055127,7.256782980100001
seg_05a1b0,5.610022067146342
seg_05a4ad,7.915788913263396
seg_05b66a,12.00400480049307
seg_05bef4,4.039126053094664
seg_05e0d7,5.572237631298998
seg_05f126,10.635091195149222
seg_05f9d6,7.398215282336417
seg_060ce4,3.978709056954248
seg_061a33,7.986988072416477
seg_0620e6,7.509811342605685
seg_063865,8.43519626115629
seg_065588,5.827740492511293
seg_06893f,3.550923931832262
seg_06b8c9,5.398258854585675
seg_06bbc5,3.512778282944979
seg_06d4a2,4.807059064624433
seg_06d7ba,3.7409316150043943
seg_070bb0,2.203172049911531
seg_071067,3.3326297809323395
seg_073696,10.174888362639859
seg_075340,5.490047516738253
seg_075f77,4.061770546865063
seg_0775a7,4.079552233573289
seg_077b7e,5.29952658167186
seg_079e34,4.978521732812875
seg_07c815,5.070609539460383
seg_07cd72,5.254710521509604
seg_07f37c,4.53457500928841
seg_07f8df,5.065451860050623
seg_07fc6d,8.7493095574361
seg_086a61,11.579812924796244
seg_0870ab,5.353711154623333
seg_0879a8,10.912053496126669
seg_08b136,11.156657557830577
seg_08f441,4.900810129455974
seg_08fd5b,4.786199900051976
seg_091c9d,10.104833012034476
seg_093a0a,8.808886436515785
seg_0968f1,7.673032179202755
seg_0981f3,3.5240281415645374
seg_09dd59,8.091127900786734
seg_09ed4e,11.977106794216645
seg_09f0ff,5.18906932424835
seg_0a0fbb,12.171513871081196
seg_0a1bd0,5.680009848099421
seg_0a42ba,11.656650633751582
seg_0a45a1,4.018823053219932
seg_0a97c4,5.949451775618771
seg_0aa0fb,7.902402521925636
seg_0b07c7,5.696579789868738
seg_0b082e,10.264467350545706
seg_0b32f7,4.610819761521215
seg_0b3b94,6.974711684435015
seg_0b48c4,4.799165030126886
seg_0b4b24,3.7178074503229945
seg_0b54ac,5.58674943199976
seg_0b76f5,12.374043619894952
seg_0b9ad8,11.159444782643794
seg_0b9ba3,11.868504140029437
seg_0ba210,11.66237469760629
seg_0ba585,6.160422803465726
seg_0bb5fd,4.781547864634706
seg_0bc877,2.5087707937426944
seg_0be6ee,3.3167637067491893
seg_0c12cc,10.30198732723482
seg_0c1d3a,3.8630146825242018
seg_0c247b,5.933381794082191
seg_0c3943,3.715092761351239
seg_0c4e31,2.1903004628915204
seg_0c74cf,2.4660984188685884
seg_0c8502,10.983479417351589
seg_0c89ce,7.130852230444806
seg_0c9aa8,10.726778803472856
seg_0cb81b,3.2421742058915606
seg_0cca14,5.588280725311854
seg_0cdcc8,2.786093681472677
seg_0cf651,2.908878769057063
seg_0d0250,5.417625182715884
seg_0d04b9,5.22880806747805
seg_0d13a7,5.515403275546989
seg_0d434c,12.072267186647881
seg_0d540e,4.154043211227611
seg_0d663a,9.735865800043122
seg_0d6d68,6.19890694424348
seg_0d762e,6.989727896819002
seg_0d833c,7.69139663695929
seg_0dae4b,4.622096129738412
seg_0dc38f,2.8701260941583397
seg_0dcc40,6.634723168254473
seg_0df469,4.753127767708287
seg_0df75c,11.502442503674915
seg_0dfe8c,4.618518250075665
seg_0e1370,2.379375082554353
seg_0e1fbe,5.834766207603548
seg_0e3739,5.5140507007010715
seg_0e3d44,1.3779773444610497
seg_0e3ed2,2.570289734137584
seg_0e4833,12.827763496243248
seg_0e7cc5,8.019873105061652
seg_0e8b79,11.416268824272489
seg_0e9987,6.045913759854305
seg_0e9bb3,7.352037070733184
seg_0eb333,2.038709291475459
seg_0ebfd9,5.561637224242423
seg_0f565c,5.1080687203462185
seg_0f74a3,6.670882650223602
seg_0f8961,11.989907196194565
seg_0fc67a,11.116649738238328
seg_0fca83,3.7830346850178955
seg_0fd3ff,3.0459708904270077
seg_1010ad,10.118871582268731
seg_103b32,4.178043066521941
seg_105cd9,3.61986873379762
seg_1084af,6.716492182218775
seg_10a595,5.43191075945672
seg_10c09d,10.577792427125123
seg_10f3a6,5.022686151435844
seg_112b81,7.506879199067243
seg_1144bc,13.477593643071168
seg_114b79,6.122298293094935
seg_115617,3.7741422370000386
seg_115a92,4.322014397385129
seg_11647f,4.698449868581569
seg_117278,5.283924086100698
seg_117ff4,5.172133132351228
seg_11860f,6.497234895569516
seg_1201e8,4.935673875982233
seg_121446,9.48094382947143
seg_121cba,3.4167366288382004
seg_122ba9,4.2502190299324605
seg_123dd4,9.983699436735815
seg_12ac20,11.409367138665115
seg_12b9ba,7.059260480582859
seg_12ee6e,4.1882540609271715
seg_130e17,2.8277754893969265
seg_13468a,4.485095410446147
seg_136285,6.711753368241151
seg_136695,10.001532365009869
seg_137f8a,9.262144702605815
seg_138807,5.443150185814622
seg_13c2f0,5.568894823926996
seg_13e25f,7.692029696632476
seg_140bc5,4.08147623703943
seg_141f34,12.378761492229321
seg_146926,10.961122112931173
seg_148698,10.402088608580339
seg_14ad27,2.5249604728260566
seg_14c054,9.969012096411381
seg_14c371,9.395306059889162
seg_14c435,3.3188902702129224
seg_14c89d,6.128313484050333
seg_14c8ce,8.46677666813942
seg_14d1d3,5.811266595548404
seg_14f5f0,9.370843022607522
seg_151368,9.97311464072974
seg_151d92,3.1137477516476904
seg_153d6a,11.529175901202949
seg_154361,10.644528726431906
seg_1562cb,11.136606225547677
seg_158691,4.184199341114476
seg_158764,8.282157262476579
seg_15adff,4.055915872319103
seg_15bf25,9.831248134893277
seg_15c9f9,3.60540670571151
seg_161aeb,9.53928526523342
seg_161f5f,3.055119124271026
seg_162fc4,7.848238103575293
seg_16566c,4.6048288408272615
seg_166f70,10.998606073074408
seg_168d1c,8.333777620473477
seg_16a270,7.842071458759864
seg_16c3a7,5.27121748192598
seg_17067e,5.096752289658637
seg_170684,10.010961024417636
seg_170a0c,11.092528012996635
seg_176542,7.231246942577877
seg_17799c,10.243781428632735
seg_179d90,9.87554943049109
seg_17adc0,5.692802219000474
seg_17d1ff,5.404213300315772
seg_17e596,8.680484950288571
seg_180481,5.860812439833843
seg_18096a,7.431542119893915
seg_1815fe,11.815695995152135
seg_1827c5,11.700892034426495
seg_184222,5.626783167045427
seg_185ad6,9.715618877080868
seg_18d1d0,4.254831186412893
seg_18d307,2.518757854871836
seg_18f633,2.4943328867004433
seg_18f853,6.414678500101552
seg_18fb65,3.3459557002945406
seg_193404,12.107982792219346
seg_19515c,6.997466364543568
seg_195eda,5.754000842829878
seg_1969c8,9.202553850892917
seg_19b08e,5.248776746864876
seg_19b9dd,7.870027797710534
seg_19e1ff,7.585017260646732
seg_19ec5c,11.24430783771403
seg_1a0e94,11.312787691761132
seg_1a0eca,6.3891390987287435
seg_1a671a,3.9577218929077076
seg_1a791c,5.379644781711705
seg_1a8e06,3.662945327615238
seg_1a8f0d,4.678368829002828
seg_1a8f2c,10.135180500449335
seg_1abcaf,2.8647603144870306
seg_1ac9e2,5.772277930903973
seg_1ae362,9.845694168989237
seg_1afa29,3.3927165782071684
seg_1b08a4,6.31047186549163
seg_1b1ad8,5.142325432051215
seg_1b2298,8.838738982663225
seg_1b78af,5.188628884820107
seg_1baf33,4.718795278918169
seg_1bd38e,10.855760471457558
seg_1bf7b3,3.7485316748291195
seg_1c401b,9.528728631855559
seg_1c4c5b,5.703677198809822
seg_1c4e72,5.631979802877026
seg_1c849d,5.991076338458498
seg_1c904f,3.077365382189199
seg_1c929e,5.946586660875779
seg_1cb942,11.711958851742878
seg_1cd352,7.492368984837355
seg_1cf1b5,5.234483922284195
seg_1d044c,3.990345690811372
seg_1d11e5,5.403467695055487
seg_1d596d,4.642289644128992
seg_1d980f,4.189330910984091
seg_1da819,3.443769241903391
seg_1db443,6.2345875152632315
seg_1db8e8,11.868078734537619
seg_1dec9c,11.597207291809127
seg_1e0523,5.211763636914531
seg_1e0b82,9.74228071782294
seg_1e572b,9.082843176529574
seg_1e617a,3.5265380069013457
seg_1e61d6,1.9640313424108613
seg_1e677e,5.2542418958925445
seg_1eae76,6.126345495882496
seg_1ebe6b,4.0611423113674805
seg_1ece48,5.189921809558095
seg_1eeb8f,4.266617671178062
seg_1ef708,2.9935820796157184
seg_1f1e60,10.92058941485901
seg_1f3d44,8.283137922304453
seg_1f3ede,3.3047274742017905
seg_1f5240,4.706922937910958
seg_1f7cf8,3.8444228150585436
seg_1f9aed,6.194812922217595
seg_1fa983,4.0548928870564716
seg_1fc7ab,7.182334124742415
seg_1fe311,12.253959693168767
seg_2005a7,7.11162339790043
seg_2018c8,11.966275349783311
seg_204dc6,3.5106190752956685
seg_208ba5,4.2490421052335705
seg_2099f4,6.0711318047973775
seg_20a990,5.043742089725849
seg_20b8d0,6.397109351009723
seg_20cbac,4.700309534441985
seg_20cc25,2.1058598266096373
seg_20d9de,11.763651765802855
seg_20e9ad,5.861837465545063
seg_210388,5.321621820921547
seg_211299,7.1171273564469555
seg_211486,9.902476461570549
seg_214492,3.7598489428073427
seg_217eed,4.78304595965371
seg_218049,3.999270230392551
seg_21eebb,4.791142550712906
seg_21faa9,12.283730027932753
seg_222c5f,3.193455507800591
seg_225320,11.755241995260336
seg_226e60,10.765238565096915
seg_229eda,7.5106529425546125
seg_22e509,5.036990365396618
seg_2313d1,6.237817494438108
seg_232559,10.190673072559107
seg_23323e,4.798675529342497
seg_2367fb,9.770875765625362
seg_238242,8.825169625495278
seg_2383c2,6.964093540621818
seg_2396a2,3.1018848808459345
seg_23b123,12.337986171968856
seg_23bdf9,6.611157093286103
seg_23c947,1.795045320685601
seg_23efb0,6.8778797852066065
seg_23f823,3.407878874440999
seg_23fe27,10.788310619163456
seg_241266,4.350256809994751
seg_24157a,5.92266787119379
seg_24458d,4.796099204536416
seg_2465ce,6.694546161042095
seg_247262,5.513675801948634
seg_24ba8d,6.427597275503426
seg_24c078,6.7660769164050745
seg_24c1c9,5.209529008751181
seg_24e071,4.593415337438151
seg_24f338,2.3682450736469045
seg_257b8a,7.150605892710569
seg_2597af,5.213651624065268
seg_259c63,5.808797835424474
seg_259d65,3.5057416884162493
seg_259dd3,12.191364017438922
seg_25aa9f,11.610884669705637
seg_25ab3f,3.8073023568984645
seg_25b38a,10.035888215610184
seg_25c8dc,8.291347118537
seg_25cca7,9.522823733716608
seg_25e76d,3.8854171889651035
seg_26049e,9.938904206907
seg_263deb,4.997794177579844
seg_263fb3,2.608865637978015
seg_2642d0,6.0998875081584965
seg_2642d4,6.341809858502474
seg_264c7d,9.065300846475395
seg_266805,5.993751370077542
seg_266c6e,5.567561946791047
seg_266d4e,4.652893486393427
seg_268249,7.654868581204295
seg_268625,3.4992709199354564
seg_268956,5.335576103794265
seg_26a2a0,1.505443055153679
seg_26cba3,4.422769395878735
seg_26edaa,10.47818292599151
seg_2700bd,5.032436157162455
seg_272a47,1.810077021065334
seg_274a1a,5.997157244736725
seg_2774c4,10.816082687459373
seg_279725,11.32069473180611
seg_27a282,5.783064715648895
seg_27b7c8,8.683052475479704
seg_27db4d,9.091930618039312
seg_27de37,7.782786613282148
seg_27f532,10.888678571513381
seg_27ff17,5.80673713632351
seg_280863,3.5945122816153336
seg_280e3b,3.9128385964722567
seg_284223,7.150950268980097
seg_284923,12.660917403641394
seg_287e60,3.511148749530643
seg_287fef,3.0533488084564757
seg_288001,5.342702335528783
seg_2883ec,9.933962135475415
seg_289d99,2.621383904530511
seg_28fc32,7.4774340548620755
seg_29022f,4.437685911538383
seg_2916e3,10.074932028512967
seg_293dbf,4.813648595034721
seg_293dc2,4.146118097792592
seg_29475f,3.272930495904928
seg_295b1c,9.785619505290505
seg_2977cd,5.6048445932557565
seg_29a073,6.627486333108591
seg_29acb7,5.9802926890490795
seg_29c772,6.601456754428925
seg_29c906,5.677336854725367
seg_29d497,6.524523916476051
seg_29d4c6,11.737606514850862
seg_29e799,5.37128453623787
seg_2a0ace,11.149916465949135
seg_2a0afc,4.861827791808162
seg_2a0dc0,10.127627902278935
seg_2a2f1e,6.697619917877179
seg_2a4551,7.510216103955713
seg_2a6343,9.597349436051557
seg_2a8351,3.902673650262181
seg_2aa101,2.8522022957148208
seg_2abd33,4.787610828045464
seg_2b2cb3,7.3986808993407855
seg_2b372b,5.02455940042307
seg_2b4959,6.5538045151302935
seg_2b6d52,9.573162831078166
seg_2ba79a,2.1523036118480605
seg_2bcbde,11.177302434868462
seg_2be983,11.597514119281108
seg_2bf5be,11.045078089663212
seg_2bf9dd,9.525058450685446
seg_2c3203,3.319612872310068
seg_2c5e9f,6.6072713914489585
seg_2c6011,5.0162892514362785
seg_2c69e4,9.425517997706317
seg_2c762c,6.603892694808095
seg_2cac57,12.256022449389082
seg_2cadc0,7.2378528882187085
seg_2cdbe3,4.159987242306761
seg_2d3828,6.343829994478633
seg_2d402d,3.096152994481388
seg_2d427f,2.681134397243095
seg_2d5544,5.244654671342047
seg_2d7cc4,5.258010351418909
seg_2d92f0,11.372666040992488
seg_2db7dc,5.238484938579019
seg_2dc6ff,2.0983908969865714
seg_2dccec,6.860973138108488
seg_2dcd3a,4.74960397191369
seg_2dcd84,9.028032752444581
seg_2dfb91,3.727246624114194
seg_2e2372,7.865128659656207
seg_2e50fb,5.22029280463875
seg_2e64af,5.685670230678325
seg_2e71dd,3.190604136695125
seg_2e88dd,7.774171807028698
seg_2e917f,6.4132894580940825
seg_2e9a47,7.099692617414641
seg_2ea616,4.625574808411462
seg_2eccb9,3.0478903782885984
seg_2ece02,4.588753467838203
seg_2ed79b,6.259141423387433
seg_2eddf6,10.550422392096042
seg_2ee95c,12.805619713527587
seg_2efd5c,10.72090493901783
seg_2f1664,8.27886470295387
seg_2f4f14,4.421386736738298
seg_2f5695,5.067638092728392
seg_2f60db,9.996549676354762
seg_2f86cd,1.4199217943978448
seg_2f8e19,8.056158809686767
seg_2f8f6d,11.185000075638213
seg_2f9336,6.04115215478261
seg_2f9581,4.961517746909303
seg_2fb672,10.682272114935804
seg_2fe382,5.885581038917988
seg_301c1e,7.925966575828197
seg_30207d,11.036547849051198
seg_304581,5.478840051549918
seg_304b87,3.9249143533149584
seg_304df5,10.633679378583453
seg_30501b,11.650120807427529
seg_3065ba,5.605312940692937
seg_30661b,5.599031559136452
seg_306756,9.558874511828595
seg_30ad2a,2.3996817723604456
seg_30b043,4.286219443895963
seg_30da11,3.7488577405010113
seg_30fd84,11.38027455407077
seg_310230,4.279235274261003
seg_31064b,2.7609353415484734
seg_311499,2.5794040445489888
seg_311b5e,3.110625779623986
seg_3128e6,5.8041310471278535
seg_3151ff,5.9945002786711665
seg_31631c,6.144198603718476
seg_316f86,4.260010962047195
seg_318135,2.800941672582539
seg_31a51f,3.9997401767334377
seg_31a6cd,4.967415057895486
seg_31b808,6.67677883728703
seg_31c0f4,12.067642108513292
seg_31d763,5.690704287644358
seg_31d7bf,3.1348818031619787
seg_31d810,8.163925661864289
seg_31ddc5,9.174279782233892
seg_3234ca,5.074641461113556
seg_324447,6.954995221687152
seg_324537,6.15392601314663
seg_325790,4.720588314403521
seg_326eb7,5.708319412262931
seg_327ed4,4.238771331617642
seg_32906d,2.8447234959234597
seg_32ad0f,12.202974190648252
seg_32c904,9.843905805129697
seg_32d747,5.477152201728589
seg_32e763,4.84590425496453
seg_32f3a9,5.423909209755466
seg_32f6df,6.280397426841291
seg_32f72d,5.612398859423033
seg_32fc4e,11.490774339882401
seg_330579,5.7062903453090685
seg_3319b5,10.885313042029974
seg_331f2b,11.698906831976608
seg_3340b9,6.18273501914723
seg_335170,3.646720908096027
seg_337b8c,5.798135797984508
seg_339f80,6.183023021817851
seg_33c30d,3.945533099777184
seg_342ce6,9.69407556076303
seg_343571,10.161718701128665
seg_3452b2,5.31454785483429
seg_34a2b8,4.930018384131672
seg_34a8f7,11.270610014477866
seg_34abd2,3.2154372134075038
seg_34ef79,4.648223665566933
seg_3506d6,4.483410079415027
seg_35269b,10.839350605748512
seg_355717,3.6306762496469642
seg_355d19,11.927498497630683
seg_35a2d7,11.617564384879932
seg_35b009,5.721814395626728
seg_35b753,6.7852730150472915
seg_35ba8f,10.006908992507759
seg_35c587,3.1287147566020903
seg_35dd45,12.318499330475493
seg_35ee83,4.857659673362152
seg_36147d,4.414635358257032
seg_361f5a,11.667381391237445
seg_3631ec,5.58378969113385
seg_3661de,11.934755020366984
seg_369570,4.958875359546701
seg_36b77f,10.380506514569792
seg_36e32d,11.047290944847225
seg_3706be,8.393415572067955
seg_373a04,7.2948153917428105
seg_373ba6,4.4492896420565335
seg_37608b,5.169345805384715
seg_3761d0,3.87855546477471
seg_37669c,2.7864582834715335
seg_376908,3.3404693178554643
seg_377134,5.430153240616574
seg_3788c5,11.27296655925905
seg_37bf85,2.8031671481444485
seg_37f3fb,4.2673474177258806
seg_38001b,3.323923144865179
seg_383b6b,5.810709962668305
seg_383f2e,7.931310222379755
seg_3865bc,4.004515172743805
seg_3878d0,4.242429245298002
seg_389906,8.540967329769936
seg_38ad16,13.205362983521056
seg_38ee24,7.2121850800391005
seg_392019,5.950776642939162
seg_39300d,3.1085839644805358
seg_395e0e,9.838599106179018
seg_397983,7.333192878833021
seg_397dc9,10.542696962893807
seg_398a25,5.723958386283387
seg_39a886,5.857075953250818
seg_39ad50,1.8756430274075786
seg_3a1600,5.58966149393628
seg_3a22ac,5.742838859521432
seg_3a80c5,6.970068192679687
seg_3a8a76,3.3482278830344625
seg_3aca44,3.415358243197506
seg_3adb1a,4.389877454262664
seg_3ae4d9,3.631391569184604
seg_3af649,6.410107686177544
seg_3b2013,1.994704719146122
seg_3b30fd,11.082905632647378
seg_3b4414,4.995008820938041
seg_3b7175,5.246545582690054
seg_3b7724,11.906167489354184
seg_3b95d2,10.890261619452572
seg_3b95dc,4.539938166742528
seg_3ba485,11.286601144096991
seg_3bb90a,5.492225576235862
seg_3bc9ed,7.386707641931134
seg_3bd97e,11.131246713641278
seg_3bf9ac,3.2164441976196105
seg_3bfcf6,4.055099355393763
seg_3c3ddf,3.4418614415675735
seg_3c4106,4.008115665761373
seg_3c64fb,7.837490076286819
seg_3c8545,3.4349402206648305
seg_3cba49,7.864567539136906
seg_3cbccf,4.902419447764569
seg_3ce740,10.363600761036043
seg_3cfb73,11.914718213158828
seg_3d059a,4.615595029328345
seg_3d06cc,4.88968710806049
seg_3d19fc,4.396899121883283
seg_3d1cb3,6.1953322553784975
seg_3d1f2e,5.938345798157201
seg_3d581c,2.4724314344547906
seg_3d6aac,8.146295269852812
seg_3d6e79,6.2043203609253625
seg_3d9aa0,4.557775371152765
seg_3db0a8,3.7178913857010016
seg_3e00cd,11.322513591877648
seg_3e55d5,5.1782661561814995
seg_3e87b4,1.8335855324250523
seg_3ec967,5.1198478849764815
seg_3edf51,4.721982383519119
seg_3f2086,11.461788511225803
seg_3f3689,4.4445869056811045
seg_3f3983,7.553008801953649
seg_3f5be6,5.086202796297928
seg_3f80ef,5.986432163597115
seg_3f99c8,2.7398405726208503
seg_3fb24b,4.909095698256407
seg_3fc7ca,10.461392328585108
seg_3fdae0,6.8870028367940055
seg_407b2b,7.658621956612242
seg_40b3aa,2.1253554445024423
seg_40f810,3.8885082447815775
seg_411225,3.842728666106164
seg_414d0f,7.1150244299789565
seg_4185b3,5.956353989373309
seg_419531,8.838517303678437
seg_419b2a,10.486379202533504
seg_41a267,12.051348534270428
seg_41aadc,5.5988091994490805
seg_41ab7e,9.606439309903209
seg_41be18,9.359165960995218
seg_41be7d,7.573308385910144
seg_41f45e,8.826081531121284
seg_420bcc,4.6427241814842715
seg_420d4e,7.702516720311984
seg_421a96,6.281585917864003
seg_421da1,10.225393926522155
seg_423ebe,6.218055450882613
seg_425462,5.246203091573108
seg_42648c,4.215219784934188
seg_4280d9,11.42360000324405
seg_428d66,4.5769551006366225
seg_42c4c9,4.029230165924632
seg_42e7e8,6.021616189688712
seg_42ff14,10.491375968082888
seg_430e66,7.549688891413085
seg_43383f,5.29865296236703
seg_434c96,3.6389427218820725
seg_43597f,5.1159965972273325
seg_43c6f4,9.650086617675361
seg_440106,9.689869471140018
seg_4401d8,7.337337110260985
seg_441c6d,10.958556630261352
seg_4435bd,5.705369917425682
seg_447972,4.437097523414355
seg_447b8b,10.221081306673202
seg_447cb3,11.136475450911824
seg_44d3ca,4.5642649679786205
seg_455b16,5.101442222969937
seg_456149,9.927098731602882
seg_457234,12.102644314505467
seg_45838b,5.9191446063950295
seg_4587bb,9.860118227377951
seg_45a8a9,3.7401836279200564
seg_45b051,1.7345918018488273
seg_45e062,10.753323324362412
seg_45e4ed,4.828857710271052
seg_45e7ad,3.5063518402141356
seg_46012e,10.40004032588591
seg_460436,10.455030246572306
seg_461ab5,5.495736127729165
seg_461b63,5.311908476006613
seg_462c1d,7.386897815837335
seg_464839,7.067198826933408
seg_468bc9,11.215219069143616
seg_468fdb,4.813386950067128
seg_46a42b,5.194571380241784
seg_46b84d,7.732814500146768
seg_46c6d3,10.234796016405928
seg_46dd7c,4.936403674681812
seg_4729a7,4.904828746380741
seg_4743ab,9.0824408455553
seg_4743fa,11.681081015464555
seg_476700,4.88709896052415
seg_476bdb,3.558507868605312
seg_477c83,5.564479385613153
seg_478327,5.89289802086749
seg_47a48f,10.981974883493887
seg_47d374,4.909064253356382
seg_47fed6,9.671224983773024
seg_482745,5.063237556082623
seg_4848e3,4.491529090047587
seg_484901,4.901300037649334
seg_486973,5.2031412947560725
seg_48a4b3,8.717778933412097
seg_48a80c,4.037777491868301
seg_48b545,9.428486042773361
seg_48feba,5.7185893653500415
seg_490092,9.942540460482201
seg_490d6e,6.430238722771327
seg_492dc6,4.500654260243313
seg_49322d,7.562243242094705
seg_49336f,4.336476182402003
seg_495573,12.812130625002789
seg_496d07,4.4641396494253955
seg_496dad,3.7056657660410375
seg_49b0cb,11.709470343844709
seg_49d84b,7.175898411195914
seg_49fdf0,9.721960478857971
seg_4a2525,10.814914256883432
seg_4a6096,2.952506353287006
seg_4a719c,4.392960102274177
seg_4a91a9,4.971376417349546
seg_4a9e6b,7.968919728664228
seg_4a9e8d,8.851644789582371
seg_4ab7bf,10.748977429498813
seg_4abc29,2.9644044048017246
seg_4acc4b,5.274748112572419
seg_4ad5a2,7.161042615713413
seg_4ad674,6.42700217036251
seg_4adeda,11.087961770311509
seg_4ae37c,8.581079938381329
seg_4ae712,10.51454098324237
seg_4b0839,3.1897884454898104
seg_4b4c91,8.950121917556583
seg_4b4ffb,4.364336968681049
seg_4b8044,5.564236594010895
seg_4b953a,3.977138884562239
seg_4ba3d1,9.450589095039193
seg_4c067a,5.949253881118054
seg_4c12b2,3.9569815261829135
seg_4c18e2,2.545350642644509
seg_4c3a2b,10.810564831187932
seg_4c4995,6.039866679262975
seg_4c65e6,10.458914298873532
seg_4c8db6,10.732713035461595
seg_4ca6de,5.869951343747716
seg_4cb0d7,6.038657140174829
seg_4cb9c6,5.277462654662138
seg_4ce234,5.237529404872923
seg_4d0008,5.709415004617415
seg_4d0041,9.981927222508261
seg_4d0c45,7.490757956364944
seg_4d18f4,3.1860659865470113
seg_4d2671,7.422654417418732
seg_4d53c2,11.7659166697413
seg_4d5a4a,4.1415460421667
seg_4d7c56,5.96966290362838
seg_4d8f0f,5.859872220911444
seg_4db886,9.680376056917869
seg_4db997,3.7420548998602303
seg_4dbbd1,9.142167959717721
seg_4ddddc,8.148936518548702
seg_4dfa03,2.90849234657194
seg_4e0c4a,10.742893873643723
seg_4e2c66,2.8999880084579988
seg_4e3bd7,3.060658023505836
seg_4e627b,6.013336181735708
seg_4e9646,8.437487144301596
seg_4ea3fa,5.062075597621798
seg_4ea81c,4.822279749496802
seg_4eb127,4.5186920051210535
seg_4eeaef,3.9598626725484634
seg_4eef28,11.032198319764689
seg_4f48b4,2.373619310023808
seg_4f5931,11.610839837399428
seg_4f76a2,6.137078221965301
seg_4f83a3,10.193431149537304
seg_4fa87d,10.80357428959875
seg_4fce5b,4.2008994548013785
seg_4fd191,4.019693127909559
seg_500108,5.6495719665059205
seg_5009d9,3.976731327490376
seg_500c80,7.3335428993423495
seg_502fab,9.620320877794489
seg_507065,4.914775291329319
seg_5090fa,8.12576161771188
seg_509d55,5.13570786105672
seg_50a667,3.2970025197834567
seg_50b048,5.475158974456045
seg_50e270,8.842672595773042
seg_511d25,9.385670686620458
seg_512b3e,10.032964691568234
seg_514543,5.58682079483685
seg_5147e1,5.767158547567132
seg_514b85,11.088771576554471
seg_5165a4,8.087706079502254
seg_517345,5.565701731933607
seg_517425,3.874166229211763
seg_51865e,5.424869902811379
seg_518b1e,3.4140954374333954
seg_51b68c,13.102256652364126
seg_51f0a2,4.031155059686263
seg_51f6fd,7.995468529423254
seg_521a88,9.139245833563589
seg_523945,2.7332496367692602
seg_524b39,5.4330665183292135
seg_5254ce,11.810742383845893
seg_5255c0,9.896783134535369
seg_52636c,2.442537756838438
seg_529be4,4.725167262531587
seg_529c99,5.224980766284972
seg_52c139,11.939125555076542
seg_530a02,12.162376513346523
seg_53103b,3.001362983478974
seg_5311d1,3.8240600507395794
seg_533613,9.488496836413368
seg_53498a,4.671164082190441
seg_53a557,5.058462469266651
seg_53a5fd,6.3948502867406285
seg_53bdf5,10.112844549038636
seg_53caf1,9.349055881143038
seg_53d818,4.5699659135839505
seg_53e645,5.921371305713394
seg_53fa13,5.085949236948106
seg_5407b0,4.754976425809456
seg_5445bc,5.721778810751576
seg_54490e,9.560390362219284
seg_545fda,10.051039287043094
seg_5467c8,10.36054487790292
seg_546864,10.85195693797931
seg_5470ca,5.840692887942677
seg_5495ca,4.10862881536454
seg_54af0d,3.930655013776918
seg_54b0ee,8.674768273670072
seg_54d0f3,3.0699468511218018
seg_55239a,4.142520134437553
seg_552b8e,11.687636827685449
seg_5559d9,2.15820647314497
seg_555f63,3.0995896540339003
seg_5597ed,5.793085174517689
seg_55a0c3,4.813069464038342
seg_55a9a4,7.653258126914511
seg_55b566,3.1889824897821826
seg_55d50b,3.7686843259567735
seg_561cf4,2.6221089005417526
seg_563059,8.660552468111732
seg_5639b3,6.0130602614577455
seg_566efe,11.832735488324115
seg_56e3e7,13.275113446511606
seg_56e6f1,5.732251709478339
seg_56ebc7,4.673993395852581
seg_570a20,4.495837081958458
seg_570d69,10.88231326404664
seg_572172,6.639580420491491
seg_5759c9,6.825340813313304
seg_5765b6,7.362358845582006
seg_578e84,11.085846731273037
seg_57908c,5.19102661677081
seg_57b6c0,6.961385935715748
seg_57dd68,10.677413777334458
seg_57ea44,3.738290227494463
seg_580b65,8.056494279873448
seg_581fac,3.4828043208333694
seg_585872,9.92863079369366
seg_586726,3.3720048727085348
seg_586c0f,5.593880644230788
seg_5887a8,9.384752297506658
seg_588f61,3.2953896033435286
seg_58d52d,10.586661341331045
seg_58e74b,3.2065696322675765
seg_58e9f9,9.988995427456683
seg_58ea74,10.308324921606461
seg_59058a,2.22115952689751
seg_590fa5,5.108722833113436
seg_591954,11.114280782334694
seg_5924f5,4.100783932549947
seg_592807,9.124262130644066
seg_593c34,4.382104009142148
seg_5965d8,4.4275240282975705
seg_596ae3,7.339511265571297
seg_5975f4,4.049300842681218
seg_597bd6,7.921187917348069
seg_59818b,7.763659996996259
seg_59cd7d,2.572810325698125
seg_59cfdb,11.061268954191778
seg_59d484,5.6113326720074
seg_59de0b,2.15574978216234
seg_59e1db,8.014428823964048
seg_59eb97,5.194548102595198
seg_5a0479,5.63146596209914
seg_5a1adb,5.8162321805080515
seg_5a242e,7.961527951210793
seg_5a67b5,10.546313353661185
seg_5a947e,5.9848365448896335
seg_5abfdd,5.685429630604669
seg_5ad847,4.669196429617137
seg_5b392b,2.718755867926502
seg_5b7325,4.7316818685668425
seg_5b8c39,4.085452517427157
seg_5bc0b0,10.16325900285937
seg_5bd9ae,3.988179344581213
seg_5bdb47,3.545305080409648
seg_5bfbf0,4.057905975761308
seg_5c0929,4.687128630713877
seg_5c1a4d,3.473531098007798
seg_5c530f,3.9633782354565197
seg_5c57a8,3.8259304080506586
seg_5c8ae5,5.289928835320334
seg_5c9077,8.215147086543514
seg_5cd98b,5.104991465937755
seg_5cde88,2.923383964015073
seg_5cfba9,10.903381182210213
seg_5cfdc4,5.078219426020385
seg_5d333e,10.437069838035185
seg_5d45db,6.866872158111822
seg_5d92af,6.881710301083693
seg_5d94b2,3.8371005613168787
seg_5e020f,5.5084137165575235
seg_5e0902,3.9428375810164535
seg_5e1bba,6.096215147249672
seg_5e541f,2.9337648827947307
seg_5e635a,3.4792544824919585
seg_5e668a,11.636660776160973
seg_5e70a7,9.49660194290772
seg_5e7abf,5.1691052455130455
seg_5e8ef4,7.654919954732469
seg_5eb380,4.01364830730634
seg_5ec0e3,10.053412603637364
seg_5ed47e,10.422748448650715
seg_5ef47e,6.581419255935548
seg_5f0a92,5.731550821027265
seg_5f24d3,11.04422467119908
seg_5f352e,3.5281013654549636
seg_5f355e,8.306262172257588
seg_5f46a5,10.826104427828849
seg_5f7fd9,5.9099391113315285
seg_5fe414,3.4350359178460295
seg_60277f,5.058000512416436
seg_6074f9,5.0023512092650515
seg_607559,8.373570283259772
seg_60ab20,11.343770295487236
seg_60b696,5.075367636733027
seg_60dacd,11.410740353939653
seg_60df2a,4.6254983906458795
seg_610379,5.3891981252223005
seg_61219c,5.306165656351616
seg_613702,4.719880519829249
seg_614b50,2.111470855561704
seg_6153ca,10.067061681913058
seg_6167f0,5.608411577355575
seg_616c8b,10.855489083326077
seg_61b50d,5.783181006350083
seg_61f504,4.613056691532602
seg_620ee4,5.806097604118254
seg_622e9d,4.558511227285221
seg_62331a,5.75892520343181
seg_6262c4,9.566646967583981
seg_629822,5.261475360597272
seg_62a403,10.98032998380512
seg_62c582,4.133535252984629
seg_63130f,11.985665146160528
seg_633651,6.312163983452368
seg_634180,5.112690861098437
seg_634f05,2.8673051153437275
seg_635770,10.751076647895529
seg_63582a,10.747050275685856
seg_63c13d,6.39639682179396
seg_63c518,3.200011010631985
seg_63c8e4,11.110496603840858
seg_63c983,4.122303883216167
seg_63c9a3,4.5370389094473165
seg_63d651,4.704949702163042
seg_6422d1,7.851504558755334
seg_643d1f,5.687295624903358
seg_643f86,10.109848538271017
seg_64bcb9,11.469347231259766
seg_64be5d,10.02217960572845
seg_64be91,10.33931161426731
seg_64daae,2.740889645441248
seg_64dcf0,6.203472611762888
seg_64f8dc,5.8778296200763425
seg_650de2,5.4141245553263495
seg_651808,3.784632900935603
seg_652cc2,4.375275673023584
seg_655780,4.601111619424508
seg_655ad6,8.237323273731542
seg_655cae,3.4859552979319064
seg_658bf4,2.2508406561420315
seg_659ff8,5.584010529249349
seg_65b962,5.031232940820209
seg_65c4e1,8.875745787644856
seg_65ef95,5.084364574332796
seg_65f01e,10.540855528161323
seg_65fbac,10.511114660456371
seg_660fe1,3.4940309427550877
seg_660fef,6.38844596132321
seg_661629,4.211492858354383
seg_666056,4.730847906894962
seg_6681ee,2.204726991827772
seg_66820a,3.1090400804659906
seg_6696d0,5.69295632296674
seg_66b7c3,8.33451916787678
seg_66e45a,6.308717201838973
seg_66ed4d,3.1660020524207795
seg_670bde,5.186498553832998
seg_67330f,5.850870502327306
seg_673c60,4.6835108678808846
seg_67599b,7.078349533293975
seg_679dd2,8.126588143764119
seg_67aa76,5.217443147987513
seg_68102c,10.93466678383312
seg_683ddf,5.000337082632453
seg_686edc,7.227223193466525
seg_687a5c,2.4931365582236475
seg_68a484,10.313896094447207
seg_68da94,4.030520419328692
seg_691a72,6.615713027565553
seg_692e7a,10.689285872856662
seg_6951e0,4.9110520868355145
seg_695380,3.2702237540753782
seg_696621,5.111906246614483
seg_6968c8,5.634900635122229
seg_69787a,8.821681052900997
seg_69a230,5.821126472974918
seg_69a53e,5.990915263654086
seg_69dbad,5.69540152815963
seg_6a05e7,6.0869897812440135
seg_6a116b,5.636167659615697
seg_6a26de,3.4468276088226126
seg_6a45a0,4.690033207700253
seg_6a4ad1,11.021607617530664
seg_6ab188,6.287142248783553
seg_6ac67a,5.07833108433149
seg_6ac82a,4.74304661474392
seg_6ae32d,4.478881375613577
seg_6b0107,7.508102581903897
seg_6b2ce0,6.626424371100726
seg_6b3a9d,3.8334993728693942
seg_6b4e04,9.941143294463522
seg_6b536d,4.924775863042029
seg_6b9511,8.570695040419942
seg_6b9d02,5.920859738168856
seg_6be48e,4.183044682460564
seg_6c292b,6.1686542348547535
seg_6c309f,4.951260666533108
seg_6c34c2,4.247833283748189
seg_6c8a45,5.726088088992601
seg_6c909f,3.7679296428961773
seg_6cfb76,5.761534508459612
seg_6d01a3,10.458143289569954
seg_6d35cd,2.552733482999308
seg_6d36a1,12.234165734850276
seg_6d4109,8.745081185332007
seg_6d4fa6,5.040375303091093
seg_6d6fad,5.1438326650972295
seg_6da1ff,5.832586847332744
seg_6dac5d,12.042688458793172
seg_6dd0fc,5.442000860208205
seg_6de4fd,10.347675509858664
seg_6de935,11.475762633962955
seg_6df48e,11.323497015337542
seg_6dfab7,4.603350060600878
seg_6e12ae,5.163103877235286
seg_6e12ee,3.267194935288812
seg_6e1ee7,9.533376612110112
seg_6e572a,4.3277084224881195
seg_6e5a38,4.534489674473269
seg_6e7f73,9.92731263408348
seg_6e98aa,5.325869510101006
seg_6eb146,10.532312607514205
seg_6ed49a,9.561892426932026
seg_6edcb8,7.518869163202326
seg_6eedcc,9.082535018978515
seg_6f17de,4.17103866910153
seg_6f2222,4.388189283060161
seg_6f3d90,6.23237690136725
seg_6f60b2,4.654666097778808
seg_6f650f,10.328318115938268
seg_6f9a98,6.906572406727004
seg_6fb17f,4.81036176641565
seg_6fc3ef,10.212619763744708
seg_6fc8b3,7.353506962043414
seg_6fd5bb,10.406777740437173
seg_7012af,11.678821659256279
seg_7020c5,9.12215095734274
seg_702e03,4.678934284741912
seg_703cea,7.6259601684582
seg_705463,4.1156533790242955
seg_708349,10.372582237726585
seg_70991d,6.522665880117978
seg_709b6a,9.61844758433191
seg_709d08,6.964480608753162
seg_70a60e,6.878418866827602
seg_70b375,7.895679129549443
seg_70be4d,11.769681722785963
seg_70e891,4.362261999571881
seg_70edf5,7.459463549800394
seg_70fb30,11.05150889696584
seg_7120ac,5.760303565151127
seg_71238c,10.804476861149459
seg_71348a,3.0215333553350314
seg_715e2c,8.284421747099238
seg_715ff6,9.486538924021543
seg_7189ca,8.777906810866543
seg_718b53,3.4461075048651617
seg_71936f,4.071669148958872
seg_71b4e0,3.6561360674546735
seg_71b975,4.425736971348272
seg_71c9e9,3.6196299566170875
seg_71f571,4.673438204269484
seg_7211f1,8.941780331813806
seg_724df9,1.2868148700598547
seg_725772,8.383329997305797
seg_725e84,3.045364742816787
seg_727fc7,4.838319889730847
seg_72858d,3.7192299099106587
seg_72859b,5.642541740555782
seg_72aba8,5.134671364380976
seg_72b68c,11.912419412879608
seg_72c307,7.8492618321293435
seg_72ebda,6.864979286124803
seg_72f40a,8.42495504948175
seg_730ebe,6.178621570935463
seg_734a88,10.20461571107841
seg_73565e,5.08866605937318
seg_735cdd,3.7944724776967425
seg_73858d,11.538624831607823
seg_738be6,2.901490011603733
seg_739643,6.869475550685137
seg_739679,2.2104160962741295
seg_739856,12.074750378797045
seg_739fb0,4.862695901152102
seg_73ab4a,3.762333411794744
seg_73b0f7,8.576329919184138
seg_740837,3.004565093870582
seg_741fc1,9.436804900106043
seg_74235f,4.980365572453928
seg_7428e7,7.08513279582297
seg_743775,8.396600329079137
seg_74537f,6.598450409334148
seg_746d1d,5.214790011783268
seg_7480f4,9.629302261126925
seg_74b264,5.014743112300269
seg_74b3bd,7.744155760684849
seg_74ce61,10.032238256442188
seg_74d58a,10.826894991986425
seg_74d8cc,6.220696395239449
seg_74dda9,8.095281946812399
seg_74f330,4.6298261713796345
seg_74fcfc,11.00382040759082
seg_74ffde,7.4865243199149685
seg_750244,6.882671165313186
seg_750c93,3.209715224460111
seg_750d20,5.9444270499998915
seg_750e7e,9.608916068104609
seg_75211e,6.644297520565117
seg_753190,9.2413950031868
seg_753ba6,3.532894467059349
seg_7540f3,5.047434462585997
seg_75438e,6.742027634950994
seg_755d50,4.608738448297469
seg_75654d,4.686315362264353
seg_758374,2.9770090916440095
seg_758ca4,3.973495158168279
seg_759fb1,5.655630547596716
seg_75a878,5.8599128082476195
seg_75c34b,4.690718822453833
seg_75cd6a,5.370530834020286
seg_75dc3e,5.330456968893891
seg_75e669,2.377213071039181
seg_75e93c,5.509611280644618
seg_75eb90,8.832675745893509
seg_75ffc9,5.432404800224166
seg_760d70,5.73029107696474
seg_76106f,10.830920800682215
seg_762188,11.095797853321233
seg_762be4,5.010371219421656
seg_7630c5,12.411915663766584
seg_766e42,4.784315916665352
seg_76b76f,11.642701874519629
seg_76c2fa,4.333269151996555
seg_76d16c,7.591214647995027
seg_76e914,5.2902453401599105
seg_76f1af,3.7865839850568666
seg_76f3f2,10.276706678876748
seg_76f76d,6.149221989496475
seg_774ad2,5.4067214040249265
seg_77bf79,4.880484061566754
seg_77c546,2.6269252934717415
seg_77db7b,9.684514601211408
seg_77dbe7,5.447128104934639
seg_77df38,8.465511598928067
seg_77e7bf,5.310758055030024
seg_77ea14,5.792106109509174
seg_77f9e3,1.930420297010833
seg_77fe77,7.15790213165214
seg_7848f8,1.2205589944127
seg_7862ed,4.883563869560373
seg_786ff6,6.731737589421138
seg_78852d,6.035222543525419
seg_78addc,10.087803628952893
seg_78d817,4.639766729804995
seg_78db0a,9.738018191528024
seg_78ded2,2.3503954239324703
seg_78fc4b,8.093481428613442
seg_790108,7.9598073346481355
seg_7949da,3.9471975595978592
seg_79c47a,3.976566173349593
seg_79dc90,9.666532237118906
seg_79e301,4.906615219397623
seg_7a09ec,6.341547564991157
seg_7a521c,5.191514952075068
seg_7a5243,4.038539454018611
seg_7a9228,4.428049268114399
seg_7a9f2b,1.7146339390457628
seg_7aeca4,7.776150681012152
seg_7b0936,11.735690712884196
seg_7b2994,3.732176102413793
seg_7b3017,12.455875103845658
seg_7b5f90,7.354404035487295
seg_7bb771,4.028326628025569
seg_7bec10,11.507537489222448
seg_7bf143,3.6059675308298527
seg_7c0376,2.5081534847908733
seg_7c10c1,4.579967818796879
seg_7c2beb,9.79867215134942
seg_7c2c48,4.11762763053178
seg_7c6c31,10.241950578061155
seg_7c88d1,3.9136261587507195
seg_7c9433,5.294012713434174
seg_7cb417,4.060952366492856
seg_7cbb45,4.2996587305605845
seg_7cd6b1,4.901496188372504
seg_7cdfe5,4.3455332507728315
seg_7ce9cb,4.730200309530006
seg_7cef95,8.661468479523842
seg_7d17eb,10.637532444319275
seg_7d2535,4.15989379683187
seg_7d2e57,8.661630651729695
seg_7d65c7,9.697644397643732
seg_7d718e,11.666576553585156
seg_7d88e3,10.947080942603716
seg_7d994f,4.6029130127499185
seg_7ddc30,11.365176040510374
seg_7df3dd,5.6239310500503885
seg_7e3b3e,4.873699389140572
seg_7e9eb7,11.186783258509434
seg_7eb108,11.740172986738521
seg_7ebdc3,4.710537857167055
seg_7ed2dd,4.88097364037153
seg_7ef97b,4.425692343842836
seg_7efdd5,7.789665280615123
seg_7f3ab0,5.610928683179812
seg_7f5b6f,11.319609932741459
seg_7f786b,5.8275233094312355
seg_7f93b2,3.9223387033191024
seg_7f9b3a,6.143102321549581
seg_7fa6ec,1.41092992332787
seg_7fac26,11.267056589351503
seg_7fd3a3,5.7773274764810365
seg_7fd6b7,10.869523479120055
seg_80211c,10.794875851409664
seg_804fb5,6.777401861445678
seg_80622d,8.501323630392939
seg_807901,5.241432823305879
seg_80b9b4,7.095964280794048
seg_80fb86,6.169219147848896
seg_812962,4.856920101202053
seg_812a50,5.722190834253519
seg_813aab,2.612870490970424
seg_814b1f,1.3923506845130766
seg_816b7a,3.2787837757901084
seg_818382,6.441302714038537
seg_81a8ea,10.852631214955512
seg_81bebd,10.859996280077658
seg_81c1a6,11.857299883556044
seg_81c432,4.59727499377561
seg_81f798,4.023506946629799
seg_8200d2,4.764694058682201
seg_82303e,3.6090815130503167
seg_82316b,5.57676688682372
seg_8244bf,5.337345165284126
seg_82456a,2.328406215801692
seg_826208,6.285473188283957
seg_827804,5.412350930383306
seg_827a21,5.430710373416995
seg_827c07,4.520792960243181
seg_82c138,7.460598311604269
seg_82ce27,3.581713879889273
seg_82d7b6,5.417432418617945
seg_830cff,5.187227721438763
seg_8310ea,8.825160290090938
seg_8324a4,8.744353410601041
seg_8328f5,5.3562265709419385
seg_832a4d,5.2493538545068645
seg_8344ee,5.467023684967709
seg_8353f5,11.380648298104003
seg_836aac,4.374904971396119
seg_836ef0,3.24097584545175
seg_83bef8,5.7261441341972725
seg_83cb2c,4.349062017727243
seg_83dc2e,11.047147106850925
seg_83ef67,9.202978242265054
seg_83f476,4.982471513967343
seg_83f89e,10.35486367373978
seg_83f928,11.259507855501315
seg_8456d3,3.5931518001698217
seg_845a2a,12.031545242965272
seg_8472f3,10.726120824121079
seg_848695,5.291018708601625
seg_84a65d,12.563486550956098
seg_84b9d9,5.959310749006688
seg_84c7fb,5.720887225194127
seg_84fc12,9.975657453707697
seg_8509db,4.723214655757866
seg_850d95,4.82270681127353
seg_8515fd,5.405446651747357
seg_853302,9.103012060027407
seg_854d91,11.260690972084836
seg_857304,5.749563543009505
seg_85762d,6.575857565637323
seg_8599ec,4.455146093805751
seg_85c1c0,4.865414497698626
seg_85e90e,9.101586429628881
seg_85e9c6,10.261114755185096
seg_85fb0a,2.760754085308074
seg_864fcf,4.30678948885807
seg_8658b3,9.516150705484755
seg_86720f,8.871695988273439
seg_8681aa,8.514770491442475
seg_86892f,3.4175279593220975
seg_868c85,6.870287930965758
seg_86cfe9,11.399508738267114
seg_86d847,11.8003546436408
seg_86e874,2.8847860907653935
seg_87232d,6.673683518131614
seg_876904,8.173238028360876
seg_8773cf,4.079127929687494
seg_8777bd,10.78958952659925
seg_8785e2,6.1099641335088135
seg_878d2c,11.396528436675446
seg_87a616,2.918742866378243
seg_87a67a,4.965143171258497
seg_87e4e8,2.2982639267486427
seg_87f6c8,7.963597367621564
seg_8826f4,4.138285240249225
seg_885f53,9.064891135985594
seg_8866f0,2.370992691443777
seg_88a81d,4.771414261131502
seg_88b289,10.676414659083271
seg_890181,7.571177209519213
seg_89791c,4.435785126561657
seg_89885a,7.234452587155267
seg_899bf0,4.913492745081683
seg_89b090,2.065236468363978
seg_89d8a0,4.644469557280139
seg_89e207,5.803345670918361
seg_89eed6,4.433869611257039
seg_89f975,3.634205596799889
seg_8a3306,5.835397900112555
seg_8a41bf,3.446079788212129
seg_8a6b0e,3.323666076921664
seg_8a7201,4.0962282302832245
seg_8a8220,7.537075600487646
seg_8a8375,8.904155147346799
seg_8ab3a7,3.147352859897247
seg_8ae847,6.141614393763315
seg_8aeb99,10.587147607066013
seg_8b39c4,10.625337144421902
seg_8b798b,11.822511551021048
seg_8baeab,5.564837531746107
seg_8bc20c,2.4927799218642384
seg_8bde47,10.412160469685855
seg_8be2da,8.463979992724013
seg_8be76c,1.9571429773331608
seg_8bec6f,6.171561219845028
seg_8bf229,8.16966365291556
seg_8c0114,4.502842818630258
seg_8c1760,12.768882001600648
seg_8c1cca,4.939217595648165
seg_8c1e7d,2.0394136315093356
seg_8c341c,10.067484395097456
seg_8c6d4e,3.317761017281949
seg_8c6e34,2.7693269550147774
seg_8cd159,3.9932104226452236
seg_8cdf83,5.329894568812267
seg_8ce632,5.428280212472156
seg_8cf573,4.711031212145233
seg_8d030a,5.4692699244328775
seg_8d135f,10.08178788297471
seg_8d3a9d,7.766790342652366
seg_8d4435,5.304397852734571
seg_8d4965,6.841734089429243
seg_8d5113,6.185968549742728
seg_8d6578,3.5723494293742277
seg_8d6a7d,3.709900060059721
seg_8da61a,6.410973439319066
seg_8db6f0,8.372155601719179
seg_8dcf3c,11.392070365697602
seg_8dd2ab,1.994442785870156
seg_8dd3ba,5.397085706114885
seg_8dfc7e,3.3779281010736737
seg_8dfd7a,1.9567561701337377
seg_8e5704,9.579957010651889
seg_8e6a3f,8.135287726028535
seg_8e7194,4.649698201599623
seg_8e7fca,4.647309732501124
seg_8ebdea,10.09023913396233
seg_8f1127,2.206153642795071
seg_8f25b0,11.892216717972055
seg_8f3247,8.751040917567952
seg_8f3dfe,5.792517398475267
seg_8f4654,6.1484240509473205
seg_8f4781,3.699935397112612
seg_8f5589,7.2381301261590405
seg_8f592b,11.587506271222203
seg_8f6284,4.685310972078301
seg_8fb0d0,5.321750120692791
seg_8fb29e,10.708747485274575
seg_8fb828,10.833057229274354
seg_8fc754,10.600163865383841
seg_8fd465,4.002565584959697
seg_902074,9.974586402057085
seg_902bc1,9.010012718268332
seg_903aba,9.84806172188497
seg_907c52,6.0807260274986525
seg_90a0be,2.649862117218661
seg_90b174,3.168491724970071
seg_90bf60,10.808976438862533
seg_90c258,10.691888304847197
seg_90e904,2.012149367988092
seg_90ec68,12.022964085493841
seg_90ef18,12.325404316873142
seg_911066,6.163877255373049
seg_9122aa,3.979683331711468
seg_913ffc,6.63142409626162
seg_914a62,4.898070792323025
seg_91596c,8.954819625658523
seg_915b3e,5.277748619525476
seg_91607c,4.602478895003926
seg_919a6a,2.6102239191914474
seg_919c5c,4.966787598472084
seg_91bf8c,4.52394334544886
seg_91cff2,4.837128369850771
seg_91eaeb,6.889906511470261
seg_91f512,4.6116872474375485
seg_91f664,4.308702040922083
seg_91fc29,3.7384579367294974
seg_920132,9.666591112244495
seg_92092a,4.685843382560706
seg_922914,5.924922344894201
seg_922990,6.040704991151826
seg_92310f,5.081563660936602
seg_929ded,5.039028141827923
seg_92a5f1,7.496349823839739
seg_92af10,10.192087777528084
seg_92b095,3.466377330764029
seg_92bd37,5.682593886074441
seg_92be9f,6.565550688948447
seg_931244,10.929757558598421
seg_93211c,8.156603979599467
seg_932828,10.688749616085845
seg_934087,5.506475120854832
seg_939f5c,7.4249595114202664
seg_93d864,5.910704659583797
seg_93f935,4.980734522188522
seg_941759,9.862179852567316
seg_943de0,11.528989427053018
seg_944c98,3.5882255030251
seg_945bc8,5.932651999154142
seg_946d71,13.28264217627024
seg_946d9a,5.961186490449176
seg_947700,5.308654559572709
seg_9485c0,5.121291065148882
seg_94a133,4.52786073786552
seg_94aa0a,6.628461315029388
seg_94c48c,8.682177311909284
seg_94d150,4.50626310979274
seg_94d573,9.962001892878348
seg_94ecad,10.08827917816948
seg_950048,5.221463035988628
seg_952faa,4.2264952257226325
seg_95357d,4.7576299526607535
seg_95644e,6.733155014316453
seg_957ece,2.9301643615084583
seg_95b321,3.056040960669561
seg_95f45e,10.186475880387238
seg_961d02,4.972993124149727
seg_961ddf,4.537661049687053
seg_9626a4,3.0346741331553786
seg_96642e,5.806653826037888
seg_966f3d,3.514965885573535
seg_967ae4,9.50578947377294
seg_96cd5d,4.324350801092535
seg_96dab2,10.8122405884172
seg_96db5e,4.468892228776062
seg_96fa35,5.182239600707789
seg_970b35,5.370672894517723
seg_970e86,10.756693130225619
seg_974049,5.795172985436037
seg_9757ac,9.367578396489575
seg_979a8f,3.7244125022296757
seg_97a161,6.067983002789688
seg_97ad82,10.035620241980475
seg_97d9ed,9.139388927613108
seg_97e4a9,12.143268576005022
seg_9802c3,5.580086669381613
seg_9825e0,5.769016059903492
seg_983778,10.408171338547392
seg_986976,5.988513856492865
seg_986b6e,11.587053083553506
seg_9872f9,6.701693848964609
seg_988e69,3.083376228146112
seg_98a819,6.702917952631216
seg_98be13,6.547014097121465
seg_98c0b6,4.5699392796199
seg_98c44d,5.013300511507661
seg_98c544,5.649445360868327
seg_98ebaa,11.743278205913915
seg_98f624,9.734397904897362
seg_9940e8,12.047807400669083
seg_996c37,11.963381241475235
seg_99ccbd,4.708187046647176
seg_99f677,5.462607642531149
seg_99f76c,5.864629341063462
seg_9a1a4f,6.470476164560333
seg_9a1c76,5.815268634644667
seg_9a43ef,9.921093973581455
seg_9a6025,5.501334234332957
seg_9a74d8,5.496945998815866
seg_9a7c46,6.812179720166191
seg_9a7d1d,3.507919611473503
seg_9a812d,4.512585567275454
seg_9a81a3,6.406426529878232
seg_9a8a1f,2.0833562712845137
seg_9a9041,6.569445159218639
seg_9a92db,5.362274919079415
seg_9aa6e2,3.3440563552787763
seg_9ab405,2.4220180571481316
seg_9ad261,4.98664502721503
seg_9ad925,10.548012448568013
seg_9ae1a1,11.592433584656913
seg_9b0439,7.191173545832081
seg_9b44d2,11.464209291676793
seg_9b7ef8,12.172951674434255
seg_9b7f93,5.378947280497753
seg_9bab11,10.829378570197107
seg_9bd388,6.586550079273879
seg_9bee43,4.1053335066526895
seg_9c00d7,11.816828226874339
seg_9c090f,3.258056657806162
seg_9c2843,3.0466252553027595
seg_9c3d6a,9.401384419015761
seg_9c3ef8,7.432010018497248
seg_9c635d,10.23292126008452
seg_9c6715,4.840416567568212
seg_9c8162,6.567345375688172
seg_9c8bc8,5.399871043769073
seg_9ca72e,4.637509064822506
seg_9caf50,11.009201265976383
seg_9cb464,4.549986106880271
seg_9d1b26,4.485748392651978
seg_9d1dbe,10.15632370151474
seg_9d2528,5.452279179424482
seg_9d3013,8.666335300647242
seg_9d452d,3.887836187591455
seg_9d57a1,8.123102857958214
seg_9d68cf,4.529823942639025
seg_9d6ff0,4.483162312173137
seg_9d7490,6.344706065728099
seg_9d79d4,6.332377791326177
seg_9dcae1,6.747183004945677
seg_9ddc99,6.871442840694707
seg_9dea8d,7.502960649786762
seg_9df32d,4.338515834258864
seg_9e25e9,4.84143277084394
seg_9e3837,3.795873905603351
seg_9e61da,2.056413048206145
seg_9e7dff,3.3257453698653827
seg_9e8323,3.9704841846492984
seg_9e8ca4,10.867758534906871
seg_9e962b,7.354731728096356
seg_9ee0aa,10.69400871955351
seg_9f042e,7.681853133895559
seg_9f12c6,3.923084450864161
seg_9f22a0,8.980577031593024
seg_9f4fd4,10.949359767227007
seg_9f57c4,8.507360592521714
seg_9f6315,6.647483295439519
seg_9f7542,10.034369845453526
seg_9fc7c2,4.361727312999854
seg_9fd9b8,6.04785029631792
seg_9fe8b9,6.089144057021151
seg_a00985,5.875193172170812
seg_a009e6,7.410102145895355
seg_a03e6a,4.551090771768059
seg_a05c22,4.0615237864898415
seg_a06228,7.8291099486476865
seg_a0646a,3.7886871473657626
seg_a0979e,8.768174144020573
seg_a0a423,2.5392028594299734
seg_a11dd5,3.9921937217315677
seg_a12acb,5.127890856247045
seg_a133bc,5.780537275480392
seg_a14212,5.6647829800095835
seg_a16a1b,3.073297649044236
seg_a173d8,4.727832926684474
seg_a18246,9.113204430700163
seg_a1a511,3.238887736740142
seg_a1acb2,5.5158025597654
seg_a1b3cc,5.401211425234135
seg_a1d8da,7.8734455073700325
seg_a1e5b0,9.013827889965519
seg_a1edc1,4.506298181519497
seg_a247ac,12.242051735816409
seg_a25c46,5.9330824217514575
seg_a2986f,9.16182540935913
seg_a2c108,11.76640183387045
seg_a2d47d,6.141041374792103
seg_a2e2c8,3.0351223909421003
seg_a2fd8b,4.607029374425227
seg_a31d6e,9.41324009298528
seg_a31fe3,9.766199010959504
seg_a35c82,9.733922587704898
seg_a35e7c,12.142487929758646
seg_a39ebc,6.016553773361367
seg_a39f3b,8.669951908448228
seg_a39fa8,11.659052196625103
seg_a3ab46,5.966354514594967
seg_a3d4d6,3.1739558915961874
seg_a41c2c,7.342820498241318
seg_a4208a,4.7428817498798175
seg_a420d4,3.9162936979972875
seg_a436bc,10.14427418330812
seg_a437cb,3.9568168219674833
seg_a45455,6.014875946983072
seg_a47cce,10.13328251580955
seg_a489e1,7.185931257138833
seg_a49ccc,5.0211893189273376
seg_a4ad7c,11.535241077631849
seg_a4e745,11.554472094101335
seg_a50d28,10.48247819897692
seg_a5271e,3.893737860010174
seg_a53e4c,6.860779012373744
seg_a543e5,9.10592637433799
seg_a55540,11.157900611925944
seg_a55a17,5.1550442108130445
seg_a56c04,3.4333258046570014
seg_a58a6e,3.708471866354388
seg_a5934a,11.684604080487475
seg_a5d37f,3.510601076160206
seg_a5dea6,11.309642977913224
seg_a5f4dd,5.738017292912361
seg_a5fbcc,5.530459342239279
seg_a61e1c,5.384139698962512
seg_a63573,4.820093257412514
seg_a674d2,8.903632062295646
seg_a68007,4.780789888914872
seg_a68ffb,7.463586064017448
seg_a69246,10.900982335429823
seg_a6959c,9.308387354564104
seg_a6bf91,6.399141465578855
seg_a6c5cc,2.745393837790314
seg_a6cd86,5.7810043319172575
seg_a6e801,3.205682326473855
seg_a6e99c,1.8503247633372748
seg_a6eed3,4.5611609025406405
seg_a704ee,6.216683389409238
seg_a7561c,3.9526144949904474
seg_a7b454,4.319873918392701
seg_a7d0eb,4.666132530529291
seg_a7e49b,6.492644381883636
seg_a80123,4.652260876622437
seg_a802fa,9.099811302713414
seg_a80f6f,6.78254762638898
seg_a82229,9.558474049515024
seg_a84c13,3.7528095585493655
seg_a86231,5.091553613964358
seg_a8685e,9.359701553989629
seg_a86a05,7.821869798297056
seg_a87e79,3.222455532260097
seg_a88097,12.216727291399483
seg_a88dde,9.68072752976975
seg_a8bb2f,4.405413883669047
seg_a8ddf7,4.31155563121883
seg_a8e6df,3.717842687616826
seg_a8e71a,5.341408674684775
seg_a9089b,3.3484909025449454
seg_a91c03,9.168775459491588
seg_a93a88,10.2574337164618
seg_a96b47,5.480772145014556
seg_a975df,5.021169720295892
seg_a99161,5.333465341256663
seg_a99799,3.3551655905770943
seg_a99be9,11.17939919144336
seg_a9a820,3.9971631236017475
seg_a9b957,5.129691125155975
seg_a9f80e,10.431668607045975
seg_aa0180,3.7376096427316297
seg_aa1adf,4.465109955177208
seg_aa508a,2.8974018322753077
seg_aa78e0,6.288169410356933
seg_aa7a4b,7.207285918058463
seg_aa98cc,0.8583210220640265
seg_aa9b8e,8.737639708732857
seg_aaa2ae,2.6497318293254333
seg_aabc52,11.59761696331258
seg_aae025,9.042789794316972
seg_ab001b,3.6840842300067296
seg_ab15ad,7.9139347410275604
seg_ab2a78,4.102450997309285
seg_ab3f14,9.089512939437178
seg_ab4bca,3.380032591943152
seg_ab644e,5.7079504701159625
seg_ab70bd,8.081454559596017
seg_ab9654,13.452247227180258
seg_aba501,3.895501414807965
seg_abaad2,11.72031147764766
seg_abb03a,5.817947181493593
seg_abb06a,6.213683509644424
seg_abc5fd,10.006696761266886
seg_abda04,10.372514263659147
seg_abeca6,11.891458210997234
seg_ac45ae,9.492261661169183
seg_ac5c61,11.270375635527639
seg_ac68bb,2.1917812616103527
seg_ac9de5,4.096285858197318
seg_acd715,11.650237571816746
seg_acf2f4,10.424910858168195
seg_ad3a44,4.8938931747452195
seg_ad3cf0,5.136833004401398
seg_ad591c,9.031158253553732
seg_ad759c,3.5132127079425697
seg_ad82ca,5.9229013017475864
seg_ad949a,4.960029540500533
seg_ada42c,4.956942343508317
seg_ada81a,11.620030177592582
seg_ade769,7.362947112930466
seg_adf94a,1.2323369554789867
seg_adf986,6.150027260642604
seg_ae32a6,6.370793375037273
seg_ae3388,9.081278281562604
seg_ae3d92,5.940167648277859
seg_ae42b3,12.594884227225588
seg_ae9626,2.88619749005248
seg_ae9761,12.199008678898636
seg_aec276,12.107874732221228
seg_aed434,7.297608259485644
seg_aee7c0,9.618385694572941
seg_aee9bf,4.3609203025512375
seg_aeeb31,2.1236067019817906
seg_af1650,4.105921323276894
seg_af2472,3.332618254082194
seg_af6204,5.059931705482802
seg_af703b,11.036827936859629
seg_af959f,10.97497511458951
seg_afa4a1,9.119904179466412
seg_afadfb,7.581792333761602
seg_afca81,2.9799529656265054
seg_afd665,6.246093245464529
seg_b00f05,8.593746371931559
seg_b02e31,9.863599730071359
seg_b03de5,10.037473552841721
seg_b08e9d,11.014282045781464
seg_b0a794,3.2683614038387256
seg_b0bf65,4.726296167694904
seg_b0cf32,11.799496320700692
seg_b0d251,7.344178355670991
seg_b0f9cd,9.554417900513169
seg_b108c9,5.145187902014824
seg_b13220,4.202508811541447
seg_b13fb9,6.252547431224897
seg_b197e2,3.472308526997205
seg_b1a35c,10.119096789037245
seg_b1b95e,4.383032760495691
seg_b1fea8,4.974625561904384
seg_b20487,11.599602647325511
seg_b21273,5.383857470809202
seg_b23489,3.8872498970278984
seg_b253ee,4.926931072103028
seg_b25dde,2.5346028451136964
seg_b26368,5.0558899685354906
seg_b284b2,6.066267440809007
seg_b291c0,4.666864022651154
seg_b2b29d,8.606723770727104
seg_b2b331,4.975167948644733
seg_b2e045,5.496708244967413
seg_b31961,5.726967973679783
seg_b32d1d,4.061436031024382
seg_b35174,1.2943499043218625
seg_b36650,4.110115729870371
seg_b36c8a,3.311715095058897
seg_b378bc,3.348619592877344
seg_b3883e,7.17163653348865
seg_b3cf21,5.054992231523614
seg_b3d886,5.053233100512584
seg_b402ac,6.824743912634407
seg_b41d3c,5.474653194233745
seg_b42170,4.645376946562276
seg_b4402d,12.601408888077774
seg_b44c2e,8.67795746758835
seg_b47c19,4.43675119259294
seg_b4c040,5.215983513275385
seg_b4cb44,11.156194122962495
seg_b4f7a8,5.150935721152477
seg_b50239,2.6072521347808792
seg_b51380,11.107171103044175
seg_b51b7c,5.421649426019684
seg_b52710,4.358652919057112
seg_b52add,11.965295390741002
seg_b52dac,6.242605911244437
seg_b54024,4.033703801415189
seg_b568c6,9.128269131281325
seg_b57e76,6.3940320342102375
seg_b5804a,4.9311145315771086
seg_b58542,5.225628899051279
seg_b5a447,8.80453923204279
seg_b5aee9,6.087415049603563
seg_b6254c,4.849358775849454
seg_b63de1,3.7665075758269353
seg_b64c9c,9.228133331672806
seg_b66b87,3.409843109660412
seg_b686e5,1.837499906285518
seg_b687fc,5.21535493785397
seg_b691c5,2.1880831880099243
seg_b69455,10.733224960404932
seg_b695b3,4.872626900337323
seg_b6bdaa,7.910129410026587
seg_b6c10d,6.506254432147823
seg_b6cb2b,4.011883276644715
seg_b72413,8.75369879464025
seg_b735a5,8.3433433752959
seg_b77bf5,10.62763703124928
seg_b782c7,8.242093603099146
seg_b78883,11.909696503894022
seg_b7a8a1,5.860027786076632
seg_b7b098,4.638400548770585
seg_b7da0a,3.7162194601681167
seg_b7eeb6,6.6392892024260455
seg_b80358,10.056427972057735
seg_b80366,9.391306415758724
seg_b80b89,5.807952229613095
seg_b8141c,3.503756627533902
seg_b853c1,10.490425713839748
seg_b853f8,5.910185748688814
seg_b86ce1,6.115806471892127
seg_b8725b,2.9692093259773227
seg_b8745c,11.723992644953649
seg_b87cf5,11.299914834192728
seg_b88baa,9.226378244604124
seg_b89218,12.227899209617206
seg_b89e47,3.5941612794392466
seg_b8b72f,4.820986405905843
seg_b8bb87,12.168367443026975
seg_b8fd73,11.123045836393462
seg_b91011,6.1453527495158795
seg_b917b5,7.424650316951945
seg_b91ae2,5.389657634027093
seg_b9361a,4.888651676387074
seg_b9365c,3.6520689111045277
seg_b947ae,4.104299729328929
seg_b95010,4.274444298024871
seg_b95a77,10.809687723987661
seg_b9619c,6.767908473402633
seg_b9ad7f,5.020905403994183
seg_b9bdd7,5.810215538170467
seg_b9d8a0,7.286020907464021
seg_b9de03,5.923844145538064
seg_b9ec4b,3.781643109814567
seg_ba0485,10.552435386390544
seg_ba1d68,4.693704402841402
seg_ba2c48,4.081661374318027
seg_ba3c47,3.1952847756317233
seg_ba3e74,5.150713243453722
seg_ba4ea3,11.158195504762237
seg_ba5e7e,5.078558450858669
seg_ba83da,5.639502435636013
seg_ba941e,9.358749027772104
seg_ba98dc,4.37901761243095
seg_ba9dbf,3.8391548749050894
seg_baa745,6.892302681226108
seg_bb171f,8.973559591383722
seg_bb180c,5.477547173148001
seg_bb2d77,4.4858355580254115
seg_bb5e15,4.9038197054330395
seg_bb6904,2.9577352891935083
seg_bb6fcb,5.899361164179057
seg_bb92b1,5.679585298962264
seg_bbb01e,7.829259399570684
seg_bbbc30,5.773552407592477
seg_bbf805,5.654860941431429
seg_bbfd4e,11.887109403830808
seg_bc07c8,1.8241305030618025
seg_bc1d67,8.171820758022424
seg_bc2186,8.621952858647285
seg_bc437b,10.548677207453236
seg_bca500,5.992175335318622
seg_bcc8f1,8.12358088955557
seg_bce23c,7.985237604805118
seg_bce305,5.0749555255424585
seg_bcf2d9,5.7547122861353035
seg_bcf6af,7.284860252579987
seg_bcfad6,5.489012047307407
seg_bd00c4,5.967654199682809
seg_bd2b0c,4.841310630760603
seg_bd31bf,6.579045494306513
seg_bd40f2,10.535661328715678
seg_bd4d30,4.388561190698862
seg_bd5022,2.456832852439919
seg_bd629b,5.963284092462287
seg_bd6f5f,11.1424027373329
seg_bd7109,4.709262468904381
seg_bdae02,11.721790443432115
seg_bdf84b,5.560679401076527
seg_be0cdc,2.7445000209530273
seg_be0dfa,8.38796607371856
seg_be19e2,7.860359380760192
seg_be30ce,5.970380239400285
seg_be4612,10.226022362224505
seg_be62ef,7.278819081901245
seg_be65f2,3.3748254191917533
seg_be811d,3.9342270822612773
seg_beb650,8.108344400517748
seg_beda44,6.525214757839142
seg_bee792,5.721107945161615
seg_bf1294,3.201829756979849
seg_bf1430,5.375357787670377
seg_bf1a72,4.977762424409573
seg_bf2d1f,10.934653493024058
seg_bf4bf2,2.0380953595198936
seg_bf4ec0,8.021225997853126
seg_bf58ce,8.585100155953802
seg_bf7224,4.379263641882268
seg_bfdd14,1.9832153293219161
seg_bfe0b6,11.830636468296788
seg_bff05e,10.761057524571969
seg_bff392,3.88034270137557
seg_c01a57,1.7836588923552754
seg_c01d9a,12.047080467093835
seg_c01f63,9.634828296122508
seg_c0260d,7.032113704933207
seg_c047b7,4.820132575253728
seg_c05a7d,11.30190813772126
seg_c07b7c,4.051677924340855
seg_c08d36,5.359287080385102
seg_c09a41,4.527677041426633
seg_c0c0ed,6.902058992430445
seg_c0d7da,4.564744963338086
seg_c0e1b9,5.467422075474079
seg_c0ea9f,6.163497298312189
seg_c106ca,4.844889351041338
seg_c10a58,11.707438616474942
seg_c11828,2.730247355168961
seg_c11a4f,4.684810304501926
seg_c12d7d,11.699084631507583
seg_c146a8,7.2674371744601585
seg_c15d21,9.228077529406018
seg_c17817,2.981440145324127
seg_c179f8,6.231810957160959
seg_c183e4,4.116378105304357
seg_c186dc,4.535803318373393
seg_c18d5a,4.257031761871693
seg_c1fe9a,3.5357245814196436
seg_c20a27,4.743297138386249
seg_c20c06,4.043149455601533
seg_c21723,4.695205513048782
seg_c21d60,5.4348201871885005
seg_c22bd4,11.885295836676866
seg_c23429,4.213673927305436
seg_c23641,3.7856921471091582
seg_c243a6,1.9486136220434571
seg_c24946,5.70315796431454
seg_c25855,11.354054732741737
seg_c267a5,4.430676877045376
seg_c26fb4,4.062270240037543
seg_c27591,3.7888614281209927
seg_c2a0c8,4.481344538990653
seg_c2b8f7,4.198526887131524
seg_c3507f,5.10253233715233
seg_c35940,3.72676179278287
seg_c365de,2.5010486648292773
seg_c3836b,4.8879052064332225
seg_c3f672,10.929703648672987
seg_c3f8d7,5.086464205268626
seg_c41d1d,4.587509558191972
seg_c42490,4.440937488903663
seg_c42952,6.514741340492362
seg_c44bbc,3.7264919363099844
seg_c46ce6,4.068081922732869
seg_c472cf,10.497098718808374
seg_c47bdc,7.405017765344271
seg_c4af54,4.941704933103884
seg_c5064e,10.969090191500845
seg_c509ff,3.8157369522484874
seg_c522f8,9.2646656973867
seg_c5256d,6.457470027446938
seg_c52ae6,2.3914103752837854
seg_c5325c,11.400721254860777
seg_c550b1,11.350850383818232
seg_c565bd,5.868525529516581
seg_c571ef,5.469498920634538
seg_c588c1,10.077742771389975
seg_c58ca5,6.519155566949234
seg_c5abaa,6.612506856591213
seg_c5c455,3.7523942265659422
seg_c5c6ea,6.932504591515351
seg_c5dada,4.318131076081519
seg_c5dee4,2.1301217963737367
seg_c5f986,4.555333712003045
seg_c5fc3b,11.808987059532397
seg_c5fc87,6.718738612991265
seg_c607eb,2.85144129037505
seg_c60dca,3.94143216062179
seg_c60f1d,2.7038636402985428
seg_c627fc,9.110390892005636
seg_c62a06,4.781862791100601
seg_c65135,4.306131971684099
seg_c654e7,7.564397852512586
seg_c666dd,4.460485538969504
seg_c671f7,7.157508588449004
seg_c6b514,4.029852891812454
seg_c6c29f,3.811801222636619
seg_c6f0a2,3.218756191372032
seg_c6f533,4.492794981469312
seg_c6f9c2,3.076200548970094
seg_c703be,8.235494293546608
seg_c70fde,6.875939370105568
seg_c714d0,10.907178145689722
seg_c73df6,4.5244194924675964
seg_c747ad,11.442023890817108
seg_c747b4,4.850479254652998
seg_c7a3bc,4.446317929158114
seg_c7a401,5.6255124167895545
seg_c7a579,8.973234347872294
seg_c7b424,9.94635727681962
seg_c80857,1.820223788188355
seg_c81e10,9.166394703872882
seg_c81fec,5.44786921268426
seg_c8459f,10.913142340085457
seg_c87c24,5.201252661090102
seg_c901c0,5.0277462817012575
seg_c90be5,10.565902953558055
seg_c9201c,3.5697154879506163
seg_c9481f,6.365715600408842
seg_c94941,2.326188832590247
seg_c9831a,1.497021577167287
seg_c9e533,8.514793448088861
seg_c9f80a,4.494737218248545
seg_ca2d1b,5.278972871690261
seg_ca407b,6.23698208114444
seg_ca44a8,5.458408366790137
seg_ca67ee,5.209975598549367
seg_ca6d70,2.8050094214364183
seg_ca8389,4.796374266947016
seg_ca88e3,11.493824936412624
seg_ca9e39,4.1749498751775995
seg_caa919,5.5425735836561785
seg_cacd0a,6.148919940597026
seg_cacd58,4.506168917372904
seg_cb0e21,12.732033333057062
seg_cb806c,5.603751991784684
seg_cbcce9,5.733606804851645
seg_cbfb19,7.9301123775785145
seg_cc096e,10.98656591919346
seg_cc2c46,5.479344537608573
seg_cc2e9b,5.775667797628904
seg_cc4199,11.72762093364328
seg_cc4932,9.840407051330578
seg_cc4950,2.5738870451432465
seg_cc667b,4.912681175962256
seg_cc7a19,5.518646750127867
seg_cc7e39,9.789350192828422
seg_ccdc28,4.017504767226886
seg_cd0691,2.4831437339781464
seg_cd2b34,4.8094330051220116
seg_cd2b53,2.1257689171890273
seg_cd352f,11.83524931783153
seg_cd43b4,10.056503097745294
seg_cd699e,4.459556423784009
seg_cd9f9b,9.211129551492858
seg_cdadb5,11.928419029864344
seg_cdf88e,2.3401707462544437
seg_ce00bb,6.1544312373138155
seg_ce46ba,2.6778717282445457
seg_ce472b,10.55418210199095
seg_ce5520,2.7884952885358008
seg_ce5832,4.422299418685907
seg_ce72e2,4.744934421573003
seg_ce7537,3.3448461322487506
seg_ce9f59,5.163169256078583
seg_cea185,4.440344016922369
seg_ceab44,6.789895486197979
seg_ceb942,2.7298464086379433
seg_cec2f2,6.3122908847392525
seg_cecd29,6.999075374486381
seg_ced992,2.4333302253755082
seg_cedf3e,10.883991176749046
seg_cee7d0,11.542158137902296
seg_cf0e43,4.994678192427779
seg_cf1371,4.099092140891805
seg_cf25d2,4.689358125970491
seg_cf3825,3.3974662145978334
seg_cf5764,8.232637187733012
seg_cf646e,7.014234977457511
seg_cf74e8,2.706569752601637
seg_cf9a49,5.456462289738823
seg_cfed24,4.102329919766018
seg_cff594,2.596301279782914
seg_d014a3,12.498846680113617
seg_d0598e,3.4972565254779044
seg_d062a6,11.24902869319605
seg_d07c62,3.3636401497091963
seg_d07ce8,11.572812185377717
seg_d098df,9.220566553542719
seg_d0c280,2.4562898978548193
seg_d0c8e2,4.49184629966749
seg_d0f262,6.828358475833938
seg_d0f803,5.5629822525473305
seg_d1045e,11.709796992269919
seg_d11ca8,10.41088894611535
seg_d14524,5.225854518524865
seg_d146a6,3.0332360965725895
seg_d16534,8.485555398931742
seg_d19980,10.0045453420862
seg_d1a281,4.791918046217053
seg_d1a2b9,3.7936349988971116
seg_d1a8b3,3.356105663286735
seg_d1abaa,12.285860243799775
seg_d1b91e,7.948073836208469
seg_d1ca05,10.526129532582924
seg_d1cb37,10.872126652041523
seg_d1eee8,11.345905283166257
seg_d1fbb8,11.583690884698841
seg_d21066,5.148317664931099
seg_d21eb6,8.866212205010143
seg_d24095,11.543626322898847
seg_d247da,5.653677966152273
seg_d2551a,9.507935732705954
seg_d26f7d,12.170039673116595
seg_d27193,3.6859845718412405
seg_d27812,3.8333876873932673
seg_d29a4b,3.982908197208437
seg_d2a533,6.1667887784928705
seg_d2ad9a,2.058251056630085
seg_d2cb02,6.173209925906907
seg_d2db6b,4.981299137605771
seg_d2f588,11.812731172181477
seg_d30a9d,2.3830590271753516
seg_d31583,11.228967455534207
seg_d320f5,4.495093308853638
seg_d328bb,3.5260007960334576
seg_d32f71,5.533493692804793
seg_d32f8a,6.471916223251458
seg_d35274,5.00202736756132
seg_d356ab,5.146241615519783
seg_d35e50,6.435485820861267
seg_d36055,10.37790500445442
seg_d36342,9.79215891364208
seg_d36681,10.902195998694946
seg_d36737,4.1524419954391645
seg_d37b05,7.787748918229489
seg_d39131,10.366075220177054
seg_d398df,6.931674018873151
seg_d3992e,11.176468179772346
seg_d3bb14,2.7367646199132265
seg_d3d8fc,5.087722748928783
seg_d3f6b0,4.6489004194213885
seg_d3f967,5.4767960933151425
seg_d40bb2,12.077590537155121
seg_d41daa,10.671521123072024
seg_d42c77,6.931311259413764
seg_d44589,5.61049331922149
seg_d47aba,5.741376891120632
seg_d4c763,6.098853888927328
seg_d4dec8,7.889837473395923
seg_d4ea17,8.9241907921773
seg_d508db,6.297041550012882
seg_d516e3,10.628884730459955
seg_d56ae2,10.290070488637896
seg_d56d32,8.135871915863758
seg_d59e4e,5.38969247985707
seg_d5b100,4.056938513834913
seg_d5d3a1,5.738569089317411
seg_d5dbc1,4.341091679511968
seg_d5df41,9.179106286665519
seg_d5f344,4.132886164290219
seg_d60d18,5.698429762346893
seg_d62e9c,2.911949204896021
seg_d63175,6.558234090729751
seg_d661ce,5.1197327897518665
seg_d668c0,8.213247255940425
seg_d68930,10.213294552130188
seg_d693b0,10.932015684485537
seg_d6b198,4.972764386802246
seg_d6b386,10.153678371940137
seg_d6b546,7.877364077485125
seg_d6dad6,6.168293609268087
seg_d6ea73,5.264803461035197
seg_d702b2,8.7860300086665
seg_d71352,11.34002929305938
seg_d740b2,10.57795800946238
seg_d753f8,3.695865447091763
seg_d78093,5.361052701827525
seg_d78e7d,2.635749940922336
seg_d795ab,7.598230062005248
seg_d7967e,11.5033285060113
seg_d7a805,8.011395921196025
seg_d7ab50,4.19279302415795
seg_d7f015,5.496629294585759
seg_d7f53a,4.2537702519842835
seg_d8014d,5.9797960983110094
seg_d83890,4.43597308525334
seg_d85e2e,6.092207632246764
seg_d86eb6,4.411933543370818
seg_d88da7,10.115580467815331
seg_d89369,2.964187820496363
seg_d90c5f,3.3474366497549277
seg_d91492,8.115275757564204
seg_d9190c,4.1877537829049185
seg_d9352b,6.67183237318962
seg_d962cc,12.337788539588079
seg_d9750c,5.226651290280876
seg_d9a2bb,5.7755385194849485
seg_d9b162,7.996512589942374
seg_d9bb68,6.601608780040156
seg_d9ce67,3.7874332704465767
seg_d9d0e4,3.7177738936576663
seg_d9dab4,11.293781273277993
seg_da21ee,10.395829745104306
seg_da7c3b,9.382178151635937
seg_da80c4,10.081355122444574
seg_da8b88,4.7522308279819345
seg_dab0f9,6.280184848891184
seg_dad4f2,8.76398494869591
seg_db3446,8.735652455742084
seg_db3a95,5.6334290387055965
seg_db3fbe,11.065214750499619
seg_db4185,5.024441570849641
seg_db606c,7.162098434982393
seg_db694a,5.678579099179065
seg_db6d5f,6.609575254119898
seg_db90c0,6.005566216987935
seg_dbbb44,7.084814362609526
seg_dbc615,3.9998315745411017
seg_dbf3f2,3.2845164139887073
seg_dc188b,5.9886978229617736
seg_dc1cf0,11.612274750547666
seg_dc23c0,10.932011880077052
seg_dc4698,5.012485104825895
seg_dc5e63,3.1184805881198367
seg_dc6e94,5.266964023140126
seg_dc73b8,3.342867856810347
seg_dc7e0d,2.236442456281575
seg_dca2c2,11.044092927040367
seg_dcb51d,4.591971908644045
seg_dcbe02,4.397255277228741
seg_dcd9df,2.5098023186540033
seg_dcee28,5.054973372606952
seg_dceeca,4.815040034040156
seg_dcf242,6.198245174694171
seg_dcfb4b,11.02465971132738
seg_dd0b11,3.01815278309667
seg_dd4594,5.642259070667663
seg_dd699c,3.239997315412798
seg_dd780d,5.562301944807336
seg_dd8805,7.38793732250584
seg_ddbadc,10.807165618179907
seg_ddc800,10.346142652299388
seg_ddd206,7.131376848162208
seg_ddddf0,4.794237407699844
seg_de225c,11.02218717922184
seg_de3237,9.101378702554536
seg_de3d5e,5.058623713349757
seg_de4e1d,5.096621436221699
seg_de8180,3.2785227465399895
seg_de98fa,4.450636762936919
seg_de9e32,12.563720789375918
seg_df0df7,10.914646179252484
seg_df352f,3.8879252473413177
seg_df45b0,7.3388524434566405
seg_df8385,3.656562105780898
seg_df8e0a,7.6995961845792555
seg_df99d4,4.7946393139708565
seg_dff078,5.808996290635091
seg_e00465,10.12633750360944
seg_e051bc,4.634057653117069
seg_e05de2,3.012414483318523
seg_e067ab,8.317062981854816
seg_e09301,3.129718020244438
seg_e0c329,5.784963981484187
seg_e0ce38,9.539268367347235
seg_e0cfd4,5.738039330815478
seg_e0f296,9.832309334319168
seg_e10d3b,12.174063766596175
seg_e13bd8,5.447677806704681
seg_e14149,6.0079133406673035
seg_e1468f,10.535017333516278
seg_e15cb9,7.584791657575087
seg_e197b8,5.201386025289622
seg_e1a9e0,9.784046214078785
seg_e1daa0,7.4115152878294905
seg_e1f045,5.531797734123204
seg_e1f081,11.493034456961777
seg_e20d76,4.7460606926650435
seg_e217fc,5.614178626032773
seg_e2209b,4.654723163268069
seg_e24496,10.862834615450378
seg_e24f69,5.143905219883605
seg_e256bd,4.053298237812147
seg_e25aca,4.217000801344901
seg_e266f4,6.1200609631580445
seg_e27c0a,4.401433549491441
seg_e29670,4.392627833016103
seg_e2b8b1,12.610227869145756
seg_e2c82c,5.040705242278307
seg_e3005e,4.382995794724554
seg_e30e44,3.019861994382487
seg_e30ef5,4.865964049748783
seg_e34052,4.696896238543702
seg_e37b8e,6.2205040983058835
seg_e3b1f1,7.907718699207356
seg_e3ca24,9.309194132668138
seg_e3cf1a,5.95282276928531
seg_e3d751,1.579177629990661
seg_e3dafa,12.005141997063204
seg_e3e762,9.86653418351706
seg_e40348,7.151513592611052
seg_e405fe,3.9059291965244367
seg_e40d64,8.555758380015229
seg_e41fc9,6.031414905932566
seg_e47d2b,4.05174579032183
seg_e481c7,7.45638958967452
seg_e48c23,7.7366317408223235
seg_e49750,5.198037996814062
seg_e4c15a,6.1973434295753655
seg_e4f203,5.609217161895426
seg_e4f403,5.299768403295997
seg_e50f16,12.321364191369657
seg_e52f8c,5.446192002982744
seg_e53a52,5.623769795733822
seg_e54932,10.34867237262451
seg_e5750a,10.988379126653138
seg_e59dca,10.162746858636128
seg_e5b510,4.7160303882522046
seg_e5c033,7.956208114058715
seg_e5deec,4.77144645286274
seg_e5e238,3.500723044674884
seg_e5f9ec,9.090814776546889
seg_e5fbc1,2.19579891466722
seg_e60719,10.025266407103027
seg_e6307f,10.318096956042067
seg_e64dfa,5.663741492963135
seg_e65e69,5.176894507006742
seg_e66697,6.352633992393754
seg_e6b236,7.576092507414249
seg_e6bd3f,5.073483337487671
seg_e6c973,7.545300970091443
seg_e6e1df,3.702785375920966
seg_e6e24e,6.905840930388007
seg_e71dda,6.765909115577664
seg_e72f10,10.10810410344671
seg_e742dc,11.864213457037906
seg_e76e6e,4.384237565624845
seg_e7ac12,5.293467696349802
seg_e7ced6,9.704811095082167
seg_e7d1f8,4.642018373375552
seg_e7d3e7,8.069594029826405
seg_e80726,6.378462284119965
seg_e81b50,4.914391569555752
seg_e8385f,10.41712149688598
seg_e85f55,2.5435937617389723
seg_e86e44,4.493517204014633
seg_e86ed1,11.861125475341106
seg_e86f77,4.1502192684043235
seg_e877a5,7.235989836194199
seg_e8a2c4,6.487650869703672
seg_e8a4f4,5.498249527491275
seg_e8ac98,3.0567639727924263
seg_e8ad6b,6.1983911919117896
seg_e8b2b3,10.373862641782047
seg_e8bcde,3.62621796732354
seg_e8ce6a,2.5521218525877996
seg_e8d02f,5.531663432057267
seg_e90c0d,5.1015568912432245
seg_e92526,4.805912490835749
seg_e9272e,5.2035044598662825
seg_e96140,5.612494325062823
seg_e98217,3.9983184947309574
seg_e9a09f,3.650520397555793
seg_e9aa44,10.427286112695114
seg_e9df42,9.627337001028767
seg_e9e65b,6.38337242462937
seg_ea0091,5.31122754945897
seg_ea05c1,9.516732443996714
seg_ea096b,11.40301769146242
seg_ea098b,10.372132870320447
seg_ea4d3a,8.750318798623551
seg_ea78c0,5.579668298972938
seg_ea8270,11.01024678629032
seg_ea9d37,3.436304455836267
seg_ea9fa4,11.567219844074522
seg_eaa0ec,8.135178752215534
seg_eabb2c,11.672773861295955
seg_eacccf,5.192724906836721
seg_ead30e,5.872800337066543
seg_eb0b19,10.716835417975167
seg_eb1d6e,4.48923292439957
seg_eb2e11,6.979105409385853
seg_eb32bc,2.428434184272692
seg_eb47a9,3.5134923788756205
seg_eb692c,11.652588709641776
seg_eb7595,6.279482399642755
seg_eb7f91,5.301015438147558
seg_eba22d,10.80011187299295
seg_ebb79f,5.814339475869809
seg_ebd77b,12.579279972249354
seg_ebe36c,6.723470421749901
seg_ebec3e,3.5750011117959857
seg_ec0e7b,7.639746939513549
seg_ec4645,5.333149842057522
seg_ec73d5,3.8766401495884177
seg_ec973c,11.659303700638995
seg_eca2eb,5.6597323613223605
seg_ecaef0,7.436728074130573
seg_eccb17,2.3070038913409676
seg_ecdca4,5.2627505576659495
seg_ecf28d,6.0030975870538335
seg_ecf81b,9.045927083611158
seg_ed07b0,4.957150632805878
seg_ed3e4c,7.65913347333225
seg_ed52ac,10.161622300271084
seg_ed7741,10.186650846111933
seg_ed7dee,5.359600276958913
seg_ed7f69,4.0422094324767945
seg_edda79,7.4262903688228095
seg_edecaa,5.155340999068867
seg_ee1cfc,4.6288008776389615
seg_ee2781,9.94651829443984
seg_ee4479,4.313943938809428
seg_ee4ae5,3.978338100398264
seg_ee7224,3.126825880363306
seg_ee87e2,4.095373298071112
seg_ee8f87,4.9521123292510145
seg_eea20e,10.401268277506235
seg_eebbc2,4.9517599869139906
seg_eee89d,3.6140376742263562
seg_eefd4a,2.9637486045185866
seg_ef24bd,5.3838599903325655
seg_ef27c8,3.39983721813936
seg_ef47c4,11.599886636684664
seg_ef644a,5.863279749753854
seg_ef660a,10.358512158740654
seg_ef74dc,5.97818543878058
seg_ef779d,4.257449476028908
seg_ef9105,12.437327301726446
seg_efb639,9.062006572323066
seg_efbf3e,7.104825980258415
seg_efc5fb,9.89126303608311
seg_efd9ec,10.318532707158099
seg_f003ca,7.8149441447422285
seg_f01368,5.858121375572437
seg_f0181d,5.328347663401008
seg_f02d32,5.5342355207058285
seg_f056d8,5.420108003828858
seg_f0574b,5.564783038514828
seg_f073e2,4.459261396244585
seg_f0ce4a,4.953849685579328
seg_f0cedb,8.861234244992335
seg_f0d278,3.267960986289367
seg_f0db55,2.8976872394109265
seg_f11620,4.6216667979270785
seg_f11f77,5.803182134045075
seg_f165f6,2.9762055219335646
seg_f19f8e,10.300555216151178
seg_f1a771,4.788857736284875
seg_f1b916,3.850276062571654
seg_f1f5b9,3.059950395494997
seg_f21a22,3.7548711574866296
seg_f21bf4,6.368639471635608
seg_f22163,12.66968099147478
seg_f229bf,5.9075653380740425
seg_f24292,4.603773684665679
seg_f2750c,6.468745952664889
seg_f2a20d,5.459341834778279
seg_f2ae5e,6.936113339781938
seg_f2b0c5,3.5188241559812345
seg_f2cb5e,4.7871246151345765
seg_f2f5a3,2.6474638845121814
seg_f3063a,7.310485645856974
seg_f30b2f,8.244983697305933
seg_f30f0c,7.36461438567758
seg_f322b1,5.825303740143429
seg_f342a3,4.158164727582044
seg_f34877,8.805602673846304
seg_f383fb,4.876434459140265
seg_f3c578,4.640947600776398
seg_f43730,6.442907544152341
seg_f43ab6,2.7259286333525266
seg_f455bc,11.142065517603715
seg_f46cc1,3.4739175555770623
seg_f48363,4.808900861023153
seg_f48db9,4.7513764832342105
seg_f4ad4b,5.4529491435413435
seg_f4d644,3.9352012529576905
seg_f52cdc,12.604011876531754
seg_f5406b,5.603643871588581
seg_f579ba,4.99457893770737
seg_f57ca1,10.773832201435585
seg_f59974,10.311917719113923
seg_f5a4ee,12.15237197633441
seg_f5a6ab,7.605309909312033
seg_f5d2dd,11.60158204032413
seg_f5e682,3.963321405783695
seg_f60872,7.999460519370728
seg_f618a8,10.826421990644633
seg_f61b0e,6.7934167790551445
seg_f639cd,12.474770677931302
seg_f639ec,6.0945106849234545
seg_f650cc,4.003665164779417
seg_f6659e,2.977685760705022
seg_f66db1,8.758543205942896
seg_f679c6,9.83086316129055
seg_f67ce2,3.7361221239526228
seg_f6828d,2.140160235983408
seg_f69c38,5.225750130571209
seg_f6a217,3.6390414921254752
seg_f6abc5,11.67259392756945
seg_f6b70c,8.35911979703749
seg_f6bae8,4.611250782235988
seg_f6c0cb,3.981141817568061
seg_f6c928,9.265225915696876
seg_f6cfd4,8.771427812009676
seg_f6d51b,3.1945843483640264
seg_f6e1ca,4.563217272567123
seg_f6e89f,9.0593795725164
seg_f6f523,4.382494341382436
seg_f6f683,5.8384445643226375
seg_f7050a,5.5015910556310565
seg_f70b66,6.023356689490104
seg_f71db8,6.636605052959099
seg_f7290f,5.028672614559849
seg_f734c8,10.696126355942056
seg_f741af,4.481314133623598
seg_f77ee5,10.313504216551939
seg_f7d792,1.8401527477948836
seg_f7de40,10.13638958021146
seg_f80e44,6.551673289675873
seg_f83d28,5.666820437763265
seg_f865be,3.4705905588780808
seg_f86c41,5.535936734235184
seg_f88d4a,3.270006736451408
seg_f8db0a,4.135964081181831
seg_f8dd7e,4.625932384408216
seg_f931de,5.637694026065727
seg_f93ce5,4.580542881301001
seg_f95fd3,8.923658793435994
seg_f96d0e,4.269338160056448
seg_f96d5a,8.610996486838243
seg_f97274,3.430561016178501
seg_f99b64,6.887452268453375
seg_f9e4f2,12.773794904672975
seg_f9eea3,4.929591962887441
seg_fa0ac7,7.036734034514175
seg_fa34c7,9.137289215023458
seg_fa488e,4.807329883835375
seg_fa4df0,4.555642783265198
seg_fa6383,8.345257940462965
seg_fa796b,4.976142862478247
seg_fa9f00,5.153616701047448
seg_fad815,4.501979897628617
seg_fb00b3,10.563612285847967
seg_fb11ba,6.313254177784629
seg_fb1f5c,10.81794391683797
seg_fb4c26,6.1237945458482965
seg_fb74f0,8.20742465806573
seg_fb76ca,7.366795970246988
seg_fb8af5,5.189069244675985
seg_fb9491,4.320847298271383
seg_fb9b2e,10.946849148597547
seg_fbce13,4.057138581277656
seg_fbd66b,4.435395814293916
seg_fbddb9,11.180797932930966
seg_fbe3c2,6.902750381976113
seg_fbf17a,10.461979140548593
seg_fbff25,2.552771837901698
seg_fc407c,4.577870652650358
seg_fc57d4,3.423081790436748
seg_fc8fd6,3.2565980153212783
seg_fcb7d0,12.327549774207405
seg_fcca66,5.374796982568709
seg_fcd32e,6.601343099253483
seg_fd19b8,10.742431805428398
seg_fd374e,5.171054375997902
seg_fd6340,5.2689842753080995
seg_fd8add,6.201174891296146
seg_fd9ac1,5.566796758977501
seg_fdba93,4.7087102213360525
seg_fdc1d4,5.35896064882677
seg_fdd50e,3.7132928661117335
seg_fde767,5.434739797067943
seg_fde86d,8.797150286554917
seg_fdff11,2.5457825261138813
seg_fe2aac,5.130750637643759
seg_fe5945,4.379681191598344
seg_fe70c0,7.9215044183650445
seg_fe73b1,10.836706937687747
seg_fe86f5,5.067951375976705
seg_fea3e2,10.065886206581292
seg_feb312,6.869921395461169
seg_fedbd1,10.476237306294614
seg_ff0f1b,4.9437751445583
seg_ff1a62,10.376440872133365
seg_ff2f2d,6.256488950323809
seg_ff4236,5.509812440999813
seg_ff7478,7.784655867414479
seg_ff79d9,4.841576681541882
seg_ffbd6a,2.102587927902044
seg_ffe7cc,9.990976770917532
